區域,建案名稱,地址,價格,類型,屋齡,總坪數,實際坪數,樓層,規格,車位
中正區,城中特區高樓露台,台北市中正區衡陽路,4980 萬 (含車位價),住宅大樓,7.7年,建坪39.25,主+陽21.88,15/15樓,3房(室)2廳2衛,1
中正區,溫馨小品捷運首選,台北市中正區羅斯福路一段,1535 萬,住宅大樓,43.2年,建坪13.21,主9.69,6/12樓,--房(室)1廳1衛,0
中正區,雍居仁愛14A1,台北市中正區杭州南路一段,19998 萬 (含車位價),住宅大樓,2.9年,建坪128.42,主+陽56.62,14/20樓,3房(室)2廳3衛,1
中正區,宏燁文華A戶2F,台北市中正區,1728 萬,華廈,--年,建坪12.51,主+陽7.14,2/9樓,1房(室)--廳1衛,0
中正區,中正杭南面寬壹樓,台北市中正區杭州南路一段,4308 萬,店面,35.3年,建坪--,無資料,B1~1/5樓,3房(室)1廳2衛(含加蓋2房(室)--廳2衛),0
中正區,紀念堂坡平豪邸,台北市中正區金華街,12888 萬 (含車位價),住宅大樓,19.6年,建坪95.40,主+陽54.25,4/13樓,4房(室)3廳3衛(含加蓋--房(室)1廳--衛),1
中正區,自由之丘兩房車位,台北市中正區忠孝東路一段,3380 萬 (含車位價),住宅大樓,19.4年,建坪36.38,主+陽17.54,7/13樓,2房(室)2廳1衛(含加蓋1房(室)--廳--衛),1
中正區,東門中正電梯五房,台北市中正區信義路二段,6136 萬,住宅大樓,44.7年,建坪53.36,主+陽45.01,8/12樓,5房(室)2廳3衛,0
中正區,同安拾光露台寓所,台北市中正區同安街,2108 萬 (含車位價),華廈,29.1年,建坪28.46,主+陽+露16.68,6/7樓,2房(室)1廳1衛(含加蓋1房(室)--廳--衛),1
中正區,古亭捷運紀州樂章,台北市中正區同安街,2488 萬,華廈,0.8年,建坪22.38,主+陽13.88,1/9樓,1房(室)1廳1.5衛,0
中正區,永年捷運京華辦公,台北市中正區南昌路二段,5988 萬 (含車位價),辦公商業大樓,31.6年,建坪80.05,主+陽48.03,4/11樓,2房(室)2廳2衛,1
中正區,台大電梯三房坡車,台北市中正區思源街,5000 萬 (含車位價),住宅大樓,25.4年,建坪51.42,主+陽29.61,3/12樓,3房(室)2廳2衛,1
中正區,古亭捷運美妝上陽,台北市中正區羅斯福路二段,2998 萬,辦公商業大樓,38.2年,建坪27.53,主+陽21.21,3/12樓,3房(室)2廳2衛,0
中正區,戀戀台大後棟景觀,台北市中正區羅斯福路四段,1598 萬,辦公商業大樓,20.2年,建坪11.02,主+陽7.38,10/15樓,1房(室)1廳1衛(含加蓋1房(室)--廳--衛),0
中正區,宏燁文華C戶2F,台北市中正區,1475 萬,華廈,--年,建坪10.30,主+陽5.88,2/9樓,1房(室)--廳1衛,0
中正區,昇陽高樓質感美妝,台北市中正區延平南路,2680 萬,辦公商業大樓,8.1年,建坪19.28,主+陽12.46,9/15樓,2房(室)1廳1衛,0
中正區,中正附小高樓兩房,台北市中正區羅斯福路一段,2990 萬,套房,16.5年,建坪18.13,主10.30,13/14樓,2房(室)1廳1衛(含加蓋1房(室)--廳--衛),0
中正區,正隆官邸邊間名邸,台北市中正區杭州南路一段,9980 萬 (含車位價),住宅大樓,2.4年,建坪95.31,主+陽46.58,5/22樓,4房(室)2廳2衛,1
中正區,正隆官邸帝景名邸,台北市中正區杭州南一段,10588 萬 (含車位價),住宅大樓,2.3年,建坪80.84,主+陽40.22,18/22樓,--房(室)2廳2衛,1
中正區,仁愛中正國中一樓,台北市中正區仁愛路二段,4588 萬 (含車位價),華廈,15.3年,建坪39.65,主+陽21.40,1/7樓,3房(室)2廳1衛,1
中正區,三面採光邊間美廈,台北市中正區泉州街,2300 萬,華廈,39.8年,建坪38.17,主+陽27.30,2/7樓,3房(室)2廳2衛,0
中正區,杭南景觀高樓辦公,台北市中正區杭州南路一段,4080 萬,辦公商業大樓,33.7年,建坪45.31,主+露23.57,11/11樓,4房(室)2廳2衛(含加蓋4房(室)1廳2衛),0
中正區,忠孝新生坡車高樓,台北市中正區新生南路一段,9988 萬 (含車位價),住宅大樓,16.1年,建坪74.16,主+陽44.16,15/15樓,3房(室)2廳2衛,1
中正區,中正林蔭電梯四房,台北市中正區和平西路一段,3000 萬,華廈,48.1年,建坪37.35,主+陽31.33,2/8樓,4房(室)2廳2衛(含加蓋--房(室)--廳1衛),0
中正區,中正晏京四房豪邸,台北市中正區汀州路二段,8300 萬 (含車位價),住宅大樓,8.6年,建坪79.65,主+陽44.18,6/19樓,4房(室)2廳3衛,1
中正區,宏燁文華D戶2F,台北市中正區,1755 萬,華廈,--年,建坪12.96,主+陽7.40,2/9樓,1房(室)--廳1衛,0
中正區,國語實小電梯四房,台北市中正區寧波西街,2990 萬,華廈,38.1年,建坪33.95,主+陽27.21,5/7樓,4房(室)2廳2衛,0
中正區,古亭同安店面,台北市中正區同安街,2250 萬,店面,34.2年,建坪10.54,主+平10.04,1/7樓,1房(室)1廳1衛(含加蓋1房(室)--廳--衛),0
中正區,公館財神爺雙店面,台北市中正區汀州路三段,2998 萬 (含車位價),店面,19.3年,建坪22.06,主1.98,1/9樓,--房(室)--廳1衛(含加蓋--房(室)--廳1衛),1
中正區,森林公園管理高樓,台北市中正區信義路二段,6388 萬 (含車位價),住宅大樓,7.6年,建坪42.82,主+陽21.04,11/14樓,--房(室)2廳1衛,1
中正區,中正附小學區美宅,台北市中正區林森南路,2460 萬 (含車位價),辦公商業大樓,25.3年,建坪17.87,主+陽8.55,6/12樓,1房(室)1廳1衛,1
中正區,重慶南正馬路店面,台北市中正區重慶南路三段,5200 萬,店面,17.3年,建坪43.64,主+陽31.15,1~2/12樓,2房(室)2廳2衛(含加蓋1房(室)--廳2衛),0
中正區,台北車站雙星金店,台北市中正區忠孝西路一段,2300 萬,店面,48.9年,建坪23.52,主10.22,1/11樓,--房(室)1廳--衛,0
中正區,國泰建設仁愛築綠,台北市中正區仁愛路二段,21800 萬 (含車位價),住宅大樓,13.8年,建坪186.98,主+陽81.68,13/18樓,3房(室)2廳4衛,1
中正區,中正南門雙捷電梯,台北市中正區寧波西街,2880 萬,辦公商業大樓,44.0年,建坪28.80,主22.31,6/12樓,3房(室)2廳2衛,0
中正區,東門杭南大土地,台北市中正區杭州南路一段,8500 萬 (含車位價),華廈,46.7年,建坪119.15,主+陽71.92,6/6樓,13房(室)5廳11衛(含加蓋3房(室)3廳2衛),1
中正區,廈川里美2FA1,台北市中正區,2734 萬,住宅大樓,--年,建坪26.97,主+陽17.59,2/14樓,3房(室)1廳1.5衛,0
中正區,絕美裝潢中正杭州,台北市中正區杭州南一段,10888 萬 (含車位價),辦公商業大樓,17.9年,建坪109.37,主+陽65.37,2/14樓,4房(室)2廳4衛,1
中正區,捷運出口極品店面,台北市中正區羅斯福路四段,9800 萬,店面,20.0年,建坪18.01,主13.20,1/15樓,--房(室)2廳--衛,0
中正區,古亭電梯邊間河景,台北市中正區水源路,9500 萬 (含車位價),住宅大樓,6.9年,建坪91.53,主+陽47.61,13/15樓,3房(室)2廳2衛,1
中正區,校園靜巷方正美寓,台北市中正區中華路二段,1880 萬,公寓,47.2年,建坪30.83,主+陽30.83,2/5樓,3房(室)2廳2衛,0
中正區,古亭挑高庭院一樓,台北市中正區廈門街,3580 萬,華廈,18.1年,建坪33.74,主+陽23.06,1/5樓,7房(室)2廳4衛(含加蓋5房(室)--廳1衛),0
中正區,中正國中電梯雙層,台北市中正區杭州南路一段,7700 萬,華廈,46.7年,建坪90.29,主+陽71.92,6/6樓,13房(室)5廳11衛(含加蓋3房(室)3廳2衛),0
中正區,古亭汀洲邊間透天,台北市中正區中華路二段,3980 萬,透天厝,60.6年,建坪31.00,主31.00,1~2/2樓,3房(室)1廳2衛,0
中正區,中正捷運管理電梯,台北市中正區重慶南路二段,3580 萬,住宅大樓,47.7年,建坪38.63,主31.22,6/12樓,1房(室)2廳2衛,0
中正區,東門黑土獨棟透天,台北市中正區連雲街,11800 萬,透天厝,--年,建坪16.67,主16.67,1/1樓,1房(室)1廳1衛,0
中正區,可兩房高樓安家,台北市中正區忠孝東路二段,3788 萬,住宅大樓,0.5年,建坪25.67,主+陽15.85,15/21樓,1房(室)1廳1衛,0
中正區,廈川里美2FA2,台北市中正區,2729 萬,住宅大樓,--年,建坪27.06,主+陽17.65,2/14樓,3房(室)1廳1.5衛,0
中正區,雍居仁愛11A1,台北市中正區杭州南路一段,19698 萬 (含車位價),住宅大樓,2.9年,建坪126.79,主+陽56.62,11/20樓,3房(室)2廳4衛,1
中正區,東門捷運車庫一樓,台北市中正區連雲街,5988 萬,公寓,36.8年,建坪--,無資料,B1~1/5樓,3房(室)2廳3衛(含加蓋2房(室)--廳2衛),0
中正區,雍居仁愛11A3,台北市中正區杭州南路一段,19983 萬 (含車位價),住宅大樓,2.9年,建坪126.79,主+陽56.62,11/20樓,3房(室)2廳4衛,1
中正區,雍居仁愛18A3,台北市中正區杭州南路一段,20267 萬 (含車位價),住宅大樓,2.9年,建坪128.39,主+陽56.62,18/20樓,3房(室)2廳4衛,1
中正區,東門幸安金華美寓,台北市中正區臨沂街,3888 萬,公寓,59.9年,建坪38.80,主38.80,4/4樓,4房(室)2廳2衛,0
中正區,雙星揚昇雙露台,台北市中正區博愛路,17899 萬 (含車位價),住宅大樓,12.3年,建坪168.14,主+陽86.40,7/31樓,3房(室)2廳3衛,1
中正區,愛國新城三房首選,台北市中正區廣州街,3998 萬,華廈,34.3年,建坪42.23,主+陽34.15,3/6樓,3房(室)2廳2衛,0
中正區,馥貴苑東門平面車,台北市中正區臨沂街,9588 萬 (含車位價),華廈,21.1年,建坪73.05,主+陽42.56,4/8樓,4房(室)2廳2衛,1
中正區,中正國中超推案件,台北市中正區林森南路,2498 萬,辦公商業大樓,25.3年,建坪13.17,主+陽8.55,7/12樓,1房(室)1廳1衛,0
中正區,璞園丹陽全新高樓,台北市中正區丹陽街,13200 萬 (含車位價),住宅大樓,0.8年,建坪90.44,主+陽42.87,9/11樓,4房(室)2廳3衛,1
中正區,廈川里美2FB1,台北市中正區,1731 萬,住宅大樓,--年,建坪17.02,主+陽11.08,2/14樓,2房(室)1廳1衛,0
中正區,新生捷運裝潢豪邸,台北市中正區仁愛路二段,6500 萬,住宅大樓,49.2年,建坪47.92,主39.90,10/12樓,3房(室)2廳2衛,0
中正區,忠孝新生採光美寓,台北市中正區臨沂街,3750 萬,公寓,48.8年,建坪39.41,主+陽39.41,4/5樓,3房(室)2廳2衛,0
中正區,三代同堂車庫透天,台北市中正區廈門街,6188 萬,透天厝,39.0年,建坪45.31,主+平+陽32.14,B1~2/2樓,7房(室)2廳3衛(含加蓋5房(室)--廳1衛),0
中正區,忠孝凱撒高樓辦公,台北市中正區忠孝東路一段,5000 萬,辦公商業大樓,36.5年,建坪26.65,主17.76,14/21樓,1房(室)1廳--衛,0
中正區,站前捷運美妝2房,台北市中正區漢口街一段,4498 萬 (含車位價),住宅大樓,1.8年,建坪--,無資料,10/15樓,2房(室)1廳1衛,1
中正區,台電吉米挑高美宅,台北市中正區羅斯福路三段,1780 萬,華廈,18.8年,建坪12.94,主8.01,6/8樓,1房(室)1廳1衛,0
中正區,古亭捷運金店面,台北市中正區羅斯福路二段,5388 萬,店面,19.0年,建坪32.23,主+陽21.12,1/12樓,--房(室)2廳1衛(含加蓋--房(室)1廳--衛),0
中正區,頂樓邊間視野尊戶,台北市中正區中華路二段,4980 萬,華廈,43.1年,建坪71.95,主+陽58.71,7/7樓,5房(室)3廳3衛(含加蓋1房(室)1廳1衛),0
中正區,仁愛鴻禧帝王景觀,台北市中正區仁愛路二段,21600 萬 (含車位價),住宅大樓,35.3年,建坪148.10,主+陽116.45,15/21樓,4房(室)3廳4.5衛,1
中正區,中正國中邊間三房,台北市中正區杭州南路一段,3338 萬,公寓,59.6年,建坪33.47,主+陽33.47,4/4樓,4房(室)2廳2衛(含加蓋2房(室)--廳1衛),0
中正區,廈川里美2FB2,台北市中正區,1765 萬,住宅大樓,--年,建坪17.00,主+陽11.06,2/14樓,2房(室)1廳1衛,0
中正區,中正國中邊間美屋,台北市中正區和平西路一段,2888 萬,住宅大樓,6.9年,建坪19.01,主+陽11.44,2/14樓,1房(室)1廳1衛,0
中正區,古亭捷運電梯美屋,台北市中正區汀州路二段,4180 萬 (含車位價),華廈,17.9年,建坪38.09,主+陽24.36,4/10樓,2房(室)2廳2衛(含加蓋1房(室)--廳--衛),1
中正區,中正國中高樓平車,台北市中正區愛國東路,6188 萬 (含車位價),住宅大樓,38.3年,建坪64.32,主+陽47.04,11/12樓,2房(室)2廳2衛,1
中正區,古亭捷運庭院後院,台北市中正區同安街,5988 萬 (含車位價),辦公商業大樓,29.1年,建坪48.99,主+陽35.93,1/7樓,4房(室)2廳2衛(含加蓋2房(室)--廳--衛),1
中正區,仁愛御璽獨戶尊邸,台北市中正區仁愛路二段,13508 萬 (含車位價),華廈,16.6年,建坪113.57,主+陽59.13,3/7樓,4房(室)2廳4衛,1
中正區,中正國中電梯美宅,台北市中正區仁愛路二段,6880 萬,華廈,42.0年,建坪57.56,主+陽+露45.62,5~6/6樓,4房(室)2廳2衛(含加蓋--房(室)--廳1衛),0
中正區,站前雙星商四透天,台北市中正區武昌街一段,7288 萬,透天厝,--年,建坪22.22,主22.22,1~2/2樓,3房(室)3廳1衛(含加蓋3房(室)3廳1衛),0
中正區,藍天大露台古亭匯,台北市中正區南昌路二段,2600 萬,住宅大樓,5.4年,建坪17.29,主+陽9.49,13/14樓,1房(室)1廳1衛,0
中正區,牯嶺公園水岸景觀,台北市中正區牯嶺街,2998 萬,辦公商業大樓,37.9年,建坪42.39,主+陽34.63,10/12樓,3房(室)2廳2衛,0
中正區,舞春秋兩房車位,台北市中正區廈門街,3588 萬 (含車位價),住宅大樓,10.8年,建坪35.65,主+陽18.26,14/15樓,2房(室)2廳1衛,1
中正區,宏燁文華A戶2F,台北市中正區,1728 萬,華廈,--年,建坪12.51,主+陽7.14,2/9樓,1房(室)--廳1衛,0
中正區,喜來登四房住辦,台北市中正區鎮江街,7988 萬 (含車位價),華廈,51.4年,建坪94.42,主+陽74.55,6/7樓,6房(室)3廳3衛,1
中正區,自由之丘面後平車,台北市中正區忠孝東路一段,3980 萬 (含車位價),住宅大樓,19.4年,建坪38.70,主+陽19.13,2/13樓,1房(室)1廳1衛,1
中正區,中正國中靜巷車庫,台北市中正區銅山街,6250 萬,辦公商業大樓,43.0年,建坪56.20,主+平33.07,B1~1/6樓,6房(室)3廳2衛(含加蓋3房(室)1廳--衛),0
中正區,中正國中兩房新屋,台北市中正區杭州南路一段,3228 萬,華廈,9.9年,建坪19.45,主+陽12.32,5/7樓,2房(室)1廳1衛,0
中正區,植物園三房車位,台北市中正區泉州街,3500 萬 (含車位價),華廈,18.3年,建坪47.50,主+陽27.34,2/7樓,3房(室)2廳2衛,1
中正區,昇陽城中質感高樓,台北市中正區延平南路,2988 萬 (含車位價),辦公商業大樓,8.1年,建坪28.06,主+陽12.46,11/15樓,1房(室)1廳1衛,1
中正區,來來忠孝景觀四房,台北市中正區新生南路一段,4280 萬,住宅大樓,39.6年,建坪45.20,主+陽39.04,6/12樓,4房(室)2廳2衛,0
中正區,站前辦公優質首選,台北市中正區館前路,1290 萬,辦公商業大樓,49.1年,建坪13.11,主9.69,11/12樓,1房(室)1廳1衛,0
中正區,中正景觀裝潢三房,台北市中正區福州街,2800 萬,華廈,37.5年,建坪36.52,主+陽32.36,6/7樓,3房(室)2廳2衛,0
中正區,戀戀台大正面台大,台北市中正區羅斯福路四段,4200 萬 (含車位價),辦公商業大樓,20.2年,建坪46.00,主+陽19.71,12/15樓,2房(室)3廳2衛(含加蓋1房(室)1廳1衛),1
中正區,宏燁文華C戶2F,台北市中正區,1475 萬,華廈,--年,建坪10.30,主+陽5.88,2/9樓,1房(室)--廳1衛,0
中正區,低總金華挑高美宅,台北市中正區信義路二段,1500 萬,華廈,17.3年,建坪7.17,主3.68,6/7樓,1房(室)1廳1衛(含加蓋1房(室)1廳--衛),0
中正區,金質站前壹號,台北市中正區開封街一段,17898 萬,透天厝,83.6年,建坪--,無資料,1~2/2樓,--房(室)3廳2衛(含加蓋--房(室)1廳--衛),0
中正區,水岫水岸邊間景觀,台北市中正區重慶南路三段,4360 萬 (含車位價),住宅大樓,14.0年,建坪49.73,主+陽30.02,10/15樓,3房(室)2廳2衛,1
中正區,邊間兩房古亭捷運,台北市中正區金門街,2568 萬,華廈,35.3年,建坪23.94,主+陽19.17,3/5樓,2房(室)1廳1衛,0
中正區,元亨露台景觀大戶,台北市中正區忠孝東路二段,7988 萬 (含車位價),住宅大樓,15.7年,建坪62.93,主+陽36.19,12~13/13樓,2房(室)2廳2衛,1
中正區,古亭捷運校園採光,台北市中正區廈門街,2650 萬,公寓,42.3年,建坪39.31,主+陽36.97,5/5樓,2房(室)2廳2衛,0
中正區,城中御邸世紀藏品,台北市中正區博愛路,10800 萬 (含車位價),住宅大樓,12.2年,建坪91.19,主+陽51.99,4/31樓,3房(室)2廳3衛,1
中正區,高樓景觀安家藏玉,台北市中正區忠孝東路二段,3680 萬,住宅大樓,0.4年,建坪22.70,主+陽13.77,12/21樓,1房(室)2廳1衛,0
中正區,城中精緻裝潢美屋,台北市中正區衡陽路,2950 萬 (含車位價),住宅大樓,7.6年,建坪24.95,主+陽12.73,9/15樓,1房(室)2廳1衛,1
中正區,中正植物園美寓,台北市中正區博愛路,3200 萬,公寓,54.1年,建坪27.25,主+陽27.25,3/4樓,3房(室)2廳1衛,0
中正區,宏燁文華D戶2F,台北市中正區,1755 萬,華廈,--年,建坪12.96,主+陽7.40,2/9樓,1房(室)--廳1衛,0
中正區,中正捷運綠蔭坡平,台北市中正區和平西路一段,8988 萬 (含車位價),住宅大樓,14.6年,建坪--,無資料,12/18樓,3房(室)2廳2衛,1
中正區,中正國中四房平車,台北市中正區泰安街,8980 萬 (含車位價),華廈,17.2年,建坪96.85,主+陽46.12,2/6樓,4房(室)2廳3.5衛,1
中正區,佳元臨沂庭院1樓,台北市中正區臨沂街,8288 萬 (含車位價),華廈,1.8年,建坪50.75,主+陽26.09,1/10樓,--房(室)2廳2衛,1
中正區,銅山傳家平車大戶,台北市中正區銅山街,7800 萬,華廈,48.6年,建坪41.32,主+平41.32,1/7樓,4房(室)2廳3衛(含加蓋--房(室)--廳1衛),0
中正區,最新完工安家藏玉,台北市中正區忠孝東路二段,3500 萬,住宅大樓,0.4年,建坪22.70,主+陽13.77,6/21樓,1房(室)2廳1衛,0
中正區,仁愛高樓四房坡車,台北市中正區仁愛路一段,6888 萬 (含車位價),住宅大樓,27.6年,建坪57.17,主+陽35.32,14/16樓,4房(室)2廳2衛,1
中正區,帝璟苑迎曦露臺戶,台北市中正區延平南路,8688 萬 (含車位價),住宅大樓,6.6年,建坪75.95,主+陽43.33,4/22樓,--房(室)1廳--衛,1
中正區,文學公園電梯3房,台北市中正區水源路,4696 萬 (含車位價),住宅大樓,6.8年,建坪46.52,主+陽23.97,5/15樓,3房(室)2廳2衛,1
中正區,中華帝標捷運套房,台北市中正區中華路一段,1988 萬,住宅大樓,10.2年,建坪16.85,主+陽10.83,7/15樓,1房(室)1廳1衛,0
中正區,面公園綠蔭3房,台北市中正區水源路,4576 萬 (含車位價),住宅大樓,6.8年,建坪46.30,主+陽23.64,4/15樓,3房(室)2廳2衛,1
中正區,廈川里美2FA1,台北市中正區,2734 萬,住宅大樓,--年,建坪26.97,主+陽17.59,2/14樓,3房(室)1廳1.5衛,0
中正區,西門小資金店,台北市中正區衡陽路,488 萬,店面,31.1年,建坪3.95,主2.18,1/11樓,--房(室)1廳--衛,0
中正區,精裝兩房近古亭,台北市中正區水源路,4068 萬 (含車位價),住宅大樓,6.7年,建坪40.32,主+陽21.05,2/15樓,2房(室)2廳2衛,1
中正區,忠孝捷運臻品美辦,台北市中正區金山北路,1250 萬,辦公商業大樓,15.3年,建坪13.50,主+陽7.77,4/14樓,1房(室)--廳1衛,0
中正區,古亭捷運公園2房,台北市中正區同安街,2568 萬,公寓,39.0年,建坪30.21,主+平14.89,B1~1/4樓,2房(室)2廳2衛(含加蓋1房(室)1廳1衛),0
中正區,華山文創芳鄰美辦,台北市中正區金山北路,1250 萬,辦公商業大樓,15.3年,建坪13.50,主+陽7.77,4/14樓,1房(室)--廳1衛,0
中正區,新生獨立工作美辦,台北市中正區金山北路,1250 萬,辦公商業大樓,15.3年,建坪13.50,主+陽7.77,4/14樓,1房(室)--廳1衛,0
中正區,專任古亭裝潢坡車,台北市中正區廈門街,3888 萬 (含車位價),住宅大樓,7.1年,建坪41.74,主+陽19.77,2/12樓,2房(室)2廳1衛,1
中正區,中正豪園一層一戶,台北市中正區三元街,7300 萬 (含車位價),住宅大樓,13.1年,建坪108.40,主+陽53.72,2/11樓,4房(室)2廳3.5衛,1
中正區,中正國中捷運兩房,台北市中正區和平西路一段,4398 萬 (含車位價),住宅大樓,6.8年,建坪28.97,主+陽14.54,9/14樓,2房(室)1廳1衛,1
中正區,展宜摘月金華美廈,台北市中正區臨沂街,5400 萬 (含車位價),華廈,8.0年,建坪32.65,主+陽17.25,4/5樓,3房(室)2廳2衛,1
中正區,廈川里美2FA2,台北市中正區,2729 萬,住宅大樓,--年,建坪27.06,主+陽17.65,2/14樓,3房(室)1廳1.5衛,0
中正區,中正古亭視野美屋,台北市中正區南昌路二段,5500 萬,辦公商業大樓,46.4年,建坪57.87,主+陽56.20,8/8樓,4房(室)2廳4衛(含加蓋4房(室)1廳4衛),0
中正區,中正國中裝潢美宅,台北市中正區和平西路一段,3498 萬 (含車位價),住宅大樓,6.7年,建坪25.36,主+陽12.49,2/14樓,1房(室)1廳1衛,1
中正區,古亭中正觀邸,台北市中正區汀州路二段,3368 萬 (含車位價),辦公商業大樓,30.1年,建坪43.03,主+陽25.43,3/14樓,2房(室)2廳1衛,1
中正區,黑土東門邊間金華,台北市中正區連雲街,4380 萬,公寓,60.6年,建坪39.50,主39.50,3/4樓,3房(室)2廳1.5衛,0
中正區,實小黃金3樓邊間,台北市中正區三元街,1588 萬,公寓,47.9年,建坪20.99,主+陽20.98,3/5樓,3房(室)2廳1衛(含加蓋1房(室)--廳1衛),0
中正區,台大靜巷電梯四房,台北市中正區晉江街,6000 萬,華廈,48.7年,建坪68.03,主+陽68.03,5/6樓,4房(室)2廳3衛,0
中正區,翔譽第一名廈豪邸,台北市中正區廈門街,2998 萬 (含車位價),辦公商業大樓,17.8年,建坪30.81,主+陽17.64,2/15樓,2房(室)2廳2衛(含加蓋1房(室)--廳--衛),1
中正區,藍線捷運景觀辦公,台北市中正區忠孝東路一段,18800 萬,辦公商業大樓,43.3年,建坪153.17,主118.63,7/12樓,5房(室)2廳2衛,0
中正區,台大樸園坡平車位,台北市中正區汀州路三段,4580 萬 (含車位價),華廈,25.3年,建坪46.67,主+陽23.81,4/9樓,2房(室)2廳2衛,1
中正區,耕玉東門坡車新屋,台北市中正區連雲街,9980 萬 (含車位價),住宅大樓,1.8年,建坪63.28,主+陽33.51,10/13樓,3房(室)2廳2衛,1
中正區,廈川里美2FB1,台北市中正區,1731 萬,住宅大樓,--年,建坪17.02,主+陽11.08,2/14樓,2房(室)1廳1衛,0
中正區,戀戀台大小品,台北市中正區羅斯福路四段,1980 萬,辦公商業大樓,20.1年,建坪15.79,主+陽10.82,7/15樓,1房(室)1廳1衛,0
中正區,古亭捷運金鑽電梯,台北市中正區南昌路二段,3380 萬 (含車位價),辦公商業大樓,29.2年,建坪37.40,主17.65,3/11樓,2房(室)2廳1衛,1
中正區,獨戶朝南高樓遠景,台北市中正區濟南路一段,12630 萬 (含車位價),住宅大樓,20.1年,建坪83.23,主+陽49.22,13/15樓,4房(室)2廳2衛,1
中正區,高樓遠景四面採光,台北市中正區杭州南路一段,11800 萬 (含車位價),住宅大樓,18.1年,建坪106.18,主+陽64.68,14/14樓,5房(室)2廳3衛(含加蓋--房(室)--廳1衛),1
中正區,中正國中靜巷大戶,台北市中正區杭州南路一段,5800 萬,辦公商業大樓,40.5年,建坪46.32,主+平44.46,1/10樓,6房(室)2廳2衛(含加蓋1房(室)--廳--衛),0
中正區,中正國中電梯2房,台北市中正區杭州南路一段,3380 萬,華廈,9.8年,建坪22.68,主+陽14.03,2/7樓,--房(室)1廳1衛,0
中正區,仁愛靜巷五房坡車,台北市中正區仁愛路一段,8899 萬 (含車位價),華廈,11.5年,建坪69.89,主+陽31.54,6/9樓,5房(室)2廳2衛(含加蓋1房(室)--廳--衛),1
中正區,仁愛璞園正面公園,台北市中正區臨沂街,8288 萬 (含車位價),華廈,24.4年,建坪70.62,主+陽36.08,2/7樓,4房(室)2廳2衛(含加蓋1房(室)--廳--衛),1
中正區,南門學區裝潢美宅,台北市中正區中華路二段,4280 萬,華廈,51.7年,建坪51.22,主42.68,4/7樓,4房(室)2廳2衛,0
中正區,捷運古亭燙金商辦,台北市中正區南昌路二段,1988 萬,辦公商業大樓,31.5年,建坪16.95,主+陽12.22,4/11樓,--房(室)--廳1衛,0
中正區,廈川里美2FB2,台北市中正區,1765 萬,住宅大樓,--年,建坪17.00,主+陽11.06,2/14樓,2房(室)1廳1衛,0
中正區,校園邊間電梯美廈,台北市中正區詔安街,2768 萬,華廈,48.5年,建坪43.96,主+陽37.48,2/7樓,3房(室)2廳2衛,0
中正區,中正學區DC2房,台北市中正區南昌路一段,3588 萬 (含車位價),住宅大樓,16.8年,建坪33.60,主+陽17.16,11/15樓,2房(室)1廳1衛,1
中正區,汀洲路低總價店辦,台北市中正區汀州路一段,1768 萬 (含車位價),店面,9.5年,建坪16.24,主7.51,1/9樓,--房(室)1廳1衛,1
中正區,東門金華兩房車,台北市中正區臨沂街,4586 萬 (含車位價),華廈,17.6年,建坪45.51,主+陽21.71,4/6樓,2房(室)2廳1衛,1
中正區,樹海美廈三房雙車,台北市中正區林森南路,5688 萬 (含車位價),華廈,15.5年,建坪58.91,主+陽28.20,2/10樓,3房(室)2廳2衛,1
中正區,面寬三角金鑽店面,台北市中正區杭州南路一段,5980 萬,店面,39.8年,建坪--,無資料,B1~1/7樓,2房(室)2廳2衛,0
中正區,附小捷運電梯名門,台北市中正區南昌路一段,4600 萬,辦公商業大樓,33.7年,建坪39.95,主+陽+露37.85,10/12樓,3房(室)2廳2衛,0
中正區,向陽上冠優質三房,台北市中正區漢口街一段,4980 萬 (含車位價),住宅大樓,1.7年,建坪44.88,主+陽21.06,7/15樓,3房(室)2廳2衛,1
中正區,水岸露臺邊間美宅,台北市中正區廈門街,1988 萬,住宅大樓,7.4年,建坪21.15,主+陽12.37,2/12樓,1房(室)1廳1衛,0
中正區,古亭一樓庭院首選,台北市中正區廈門街,3380 萬,公寓,50.0年,建坪34.73,主34.73,1/4樓,2房(室)3廳1衛(含加蓋--房(室)1廳--衛),0
中正區,宏燁文華A戶2F,台北市中正區,1728 萬,華廈,--年,建坪12.51,主+陽7.14,2/9樓,1房(室)--廳1衛,0
中正區,仁愛獨家高樓四房,台北市中正區仁愛路二段,7588 萬 (含車位價),住宅大樓,45.2年,建坪63.09,主+陽47.31,8/12樓,4房(室)2廳2衛,1
中正區,邊間戶忠孝162,台北市中正區忠孝東路一段,2588 萬,辦公商業大樓,6.5年,建坪17.16,主+陽10.59,6/13樓,1房(室)1廳1衛,0
中正區,精華地段店辦一樓,台北市中正區南昌路一段,4900 萬,店面,50.2年,建坪78.83,主31.88,1/4樓,3房(室)2廳1衛,0
中正區,古亭捷運四房車位,台北市中正區廈門街,4688 萬 (含車位價),華廈,35.7年,建坪54.47,主+陽35.55,5/8樓,4房(室)2廳2衛,1
中正區,宏綺首相綠蔭豪邸,台北市中正區忠孝東路二段,11130 萬 (含車位價),住宅大樓,17.6年,建坪102.62,主+陽49.94,3/14樓,3房(室)2廳2衛,1
中正區,文華邊間兩房平車,台北市中正區廈門街,3680 萬 (含車位價),住宅大樓,7.2年,建坪42.21,主+陽20.03,4/12樓,2房(室)2廳1衛,1
中正區,台電捷運靜巷大戶,台北市中正區羅斯福路三段,4108 萬,公寓,30.5年,建坪45.64,主+陽43.41,2~3/5樓,4房(室)2廳2衛,0
中正區,中正東門管理電梯,台北市中正區金山南路一段,6388 萬 (含車位價),住宅大樓,15.8年,建坪47.46,主+陽27.25,5/11樓,3房(室)1廳2衛,1
中正區,大馬路捷運旁店面,台北市中正區師大路,4850 萬,店面,69.6年,建坪23.74,主23.74,1/3樓,--房(室)1廳1衛,0
中正區,宏普台北官邸豪邸,台北市中正區杭州南路一段,14988 萬 (含車位價),華廈,13.5年,建坪128.77,主+陽68.26,2~3/7樓,3房(室)2廳3衛(含加蓋--房(室)--廳1衛),1
中正區,宏燁文華C戶2F,台北市中正區,1475 萬,華廈,--年,建坪10.30,主+陽5.88,2/9樓,1房(室)--廳1衛,0
中正區,樹海面寬挑高金店,台北市中正區仁愛路二段,12888 萬 (含車位價),店面,30.5年,建坪91.57,主+平69.24,1/9樓,1房(室)1廳1衛,1
中正區,城中站前黃金店面,台北市中正區武昌街一段,5280 萬,店面,26.9年,建坪36.73,主21.13,B1/10樓,2房(室)1廳1衛,0
中正區,公館正三角窗住辦,台北市中正區汀州路三段,3488 萬,華廈,54.3年,建坪32.64,主+陽32.63,2/7樓,3房(室)1廳2衛,0
中正區,四方荷韻金店面,台北市中正區重慶南路二段,9500 萬,住宅大樓,5.4年,建坪44.57,主32.88,1/14樓,--房(室)--廳1衛,0
中正區,大馬路三角窗店面,台北市中正區南昌路一段,4688 萬 (含車位價),店面,16.8年,建坪40.76,主+陽27.38,1~2/15樓,2房(室)--廳--衛,1
中正區,台電大樓電梯鼎佳,台北市中正區羅斯福路三段,4650 萬,華廈,40.2年,建坪42.50,主+陽36.96,6/6樓,8房(室)3廳3衛(含加蓋4房(室)1廳1衛),0
中正區,中正附小首選設籍,台北市中正區愛國東路,2388 萬,華廈,17.5年,建坪15.35,主+陽7.41,3/8樓,1房(室)1廳1衛,0
中正區,中正傳家之寶,台北市中正區羅斯福路一段,17588 萬 (含車位價),住宅大樓,16.7年,建坪130.24,主+陽94.28,13/14樓,5房(室)2廳4衛,1
中正區,力麒建設麒御高樓,台北市中正區牯嶺街,16500 萬 (含車位價),住宅大樓,12.0年,建坪166.45,主+陽77.39,12/19樓,5房(室)2廳5衛,1
中正區,東門站旁管理兩房,台北市中正區信義路二段,2500 萬,華廈,17.2年,建坪14.42,主7.87,3/7樓,2房(室)1廳1衛(含加蓋1房(室)--廳--衛),0
中正區,宏燁文華D戶2F,台北市中正區,1755 萬,華廈,--年,建坪12.96,主+陽7.40,2/9樓,1房(室)--廳1衛,0
中正區,台大邊間三房華廈,台北市中正區汀州路三段,2780 萬,華廈,44.7年,建坪32.13,主+陽28.29,6/7樓,3房(室)2廳2衛,0
中正區,仁愛獨棟電梯別墅,台北市中正區仁愛路二段,38000 萬 (含車位價),透天厝,13.5年,建坪135.08,主+陽127.65,1~5/5樓,4房(室)2廳4衛(含加蓋--房(室)--廳4衛),1
中正區,新生首都公園四房,台北市中正區仁愛路二段,8880 萬,住宅大樓,49.1年,建坪79.53,主62.47,7/12樓,5房(室)2廳3衛,0
中正區,景觀45坪大空間,台北市中正區水源路,3138 萬,辦公商業大樓,43.6年,建坪45.49,主+陽39.04,2/7樓,4房(室)2廳2衛,0
中正區,寰宇堂景觀豪邸,台北市中正區羅斯福路四段,8688 萬 (含車位價),住宅大樓,11.1年,建坪84.81,主+陽47.21,8/15樓,3房(室)2廳3衛,1
中正區,古亭捷運優質首選,台北市中正區和平西路一段,3280 萬,辦公商業大樓,38.9年,建坪39.41,主+陽34.99,2/12樓,1房(室)2廳2衛,0
中正區,植物園松濤苑,台北市中正區博愛路,42880 萬 (含車位價),住宅大樓,12.2年,建坪226.27,主+陽108.11,9/12樓,--房(室)--廳1衛,1
中正區,公館捷運靜巷辦公,台北市中正區羅斯福路四段,3280 萬,辦公商業大樓,20.0年,建坪27.54,主+陽18.89,7/15樓,--房(室)1廳1衛,0
中正區,博愛特區裝潢豪邸,台北市中正區衡陽路,6670 萬 (含車位價),住宅大樓,9.6年,建坪65.16,主+陽35.23,9/15樓,2房(室)2廳2衛,1
中正區,光華商場透天店面,台北市中正區八德路一段,36000 萬,透天厝,66.2年,建坪84.33,主84.33,1~3/3樓,--房(室)3廳1衛,0
中正區,廈川里美2FA1,台北市中正區,2734 萬,住宅大樓,--年,建坪26.97,主+陽17.59,2/14樓,3房(室)1廳1.5衛,0
中正區,古亭大坪數辦公,台北市中正區水源路,12000 萬 (含車位價),辦公商業大樓,19.4年,建坪133.57,主+陽68.23,1~2/13樓,5房(室)5廳3衛(含加蓋2房(室)1廳1衛),1
中正區,全新落成紀州同安,台北市中正區同安街,6188 萬 (含車位價),華廈,0.5年,建坪51.81,主+陽23.83,4/7樓,3房(室)2廳2衛,1
中正區,博愛特區精緻裝潢,台北市中正區博愛路,4800 萬 (含車位價),辦公商業大樓,10.2年,建坪38.50,主+陽24.44,5/15樓,3房(室)2廳2衛,1
中正區,大面寬採光商辦,台北市中正區博愛路,4980 萬,辦公商業大樓,34.6年,建坪42.58,主+陽33.57,6/13樓,--房(室)1廳1衛,0
中正區,正大馬路面寬店面,台北市中正區新生南路一段,13990 萬,店面,47.2年,建坪67.20,主+平59.12,1/7樓,3房(室)1廳2衛(含加蓋2房(室)--廳--衛),0
中正區,善導捷濟南路店辧,台北市中正區濟南路一段,4280 萬 (含車位價),店面,4.7年,建坪21.86,主+陽13.86,1/8樓,--房(室)1廳1衛,1
中正區,公園景觀美妝住辦,台北市中正區新生南路一段,5800 萬,公寓,42.4年,建坪45.45,主+平32.19,B1~1/5樓,3房(室)2廳2衛(含加蓋1房(室)--廳--衛),0
中正區,國泰賦格華山臻邸,台北市中正區杭州北路,29900 萬 (含車位價),住宅大樓,13.3年,建坪196.65,主+陽89.06,13~14/14樓,4房(室)3廳4衛,1
中正區,台電捷運住辦一樓,台北市中正區汀州路三段,3998 萬,公寓,53.3年,建坪32.29,主32.29,1/4樓,7房(室)1廳5衛(含加蓋1房(室)--廳1衛),0
中正區,古亭捷運高樓景觀,台北市中正區同安街,6488 萬 (含車位價),華廈,0.5年,建坪51.81,主+陽23.83,7/7樓,3房(室)2廳2衛,1
中正區,廈川里美2FA2,台北市中正區,2729 萬,住宅大樓,--年,建坪27.06,主+陽17.65,2/14樓,3房(室)1廳1.5衛,0
中正區,免裝潢稀少三樓,台北市中正區廈門街,3380 萬,公寓,59.0年,建坪46.80,主46.80,3/5樓,4房(室)2廳2衛,0
中正區,中正東門四房車位,台北市中正區金山南路一段,8800 萬 (含車位價),住宅大樓,16.0年,建坪64.51,主+陽37.29,7/11樓,4房(室)2廳2衛(含加蓋--房(室)--廳1衛),1
中正區,城市之星稀有兩房,台北市中正區牯嶺街,3500 萬 (含車位價),住宅大樓,5.4年,建坪30.80,主+陽16.42,10/12樓,2房(室)2廳1衛,1
中正區,廈門街方正頂加,台北市中正區廈門街,2928 萬,公寓,58.3年,建坪44.70,主+陽44.71,4/4樓,6房(室)2廳2衛(含加蓋2房(室)--廳--衛),0
中正區,別墅美裝頂樓花園,台北市中正區廈門街,3988 萬,公寓,59.0年,建坪55.24,主55.24,4~5/5樓,6房(室)2廳2衛(含加蓋1房(室)--廳--衛),0
中正區,美裝璜大坪數一樓,台北市中正區廈門街,4980 萬,公寓,59.0年,建坪46.80,主46.80,1/5樓,3房(室)3廳2衛(含加蓋1房(室)1廳2衛),0
中正區,西門低總金店面,台北市中正區中華路一段,750 萬,辦公商業大樓,34.4年,建坪6.00,主2.47,1/14樓,1房(室)--廳--衛,0
中正區,未來捷運新屋兩房,台北市中正區南海路,3221 萬 (含車位價),華廈,1.1年,建坪37.19,主+陽15.98,2/7樓,2房(室)2廳1衛,1
中正區,邊間採光電梯兩房,台北市中正區南海路,3280 萬 (含車位價),華廈,1.1年,建坪37.33,主+陽15.98,3/7樓,2房(室)2廳1衛,1
中正區,中正區方正兩房,台北市中正區南海路,3280 萬 (含車位價),華廈,1.1年,建坪37.33,主+陽15.98,4/7樓,2房(室)2廳1衛,1
中正區,廈川里美2FB1,台北市中正區,1731 萬,住宅大樓,--年,建坪17.02,主+陽11.08,2/14樓,2房(室)1廳1衛,0
中正區,三創光華人潮金店,台北市中正區八德路一段,4500 萬,公寓,63.2年,建坪17.77,主17.77,1/2樓,--房(室)2廳1衛(含加蓋--房(室)1廳1衛),0
中正區,森林公園小豪邸,台北市中正區信義路二段,3168 萬,住宅大樓,7.7年,建坪18.06,主10.78,7/14樓,1房(室)1廳1衛,0
中正區,台電捷運一樓美居,台北市中正區羅斯福路三段,2600 萬,公寓,53.0年,建坪16.62,主16.62,1/4樓,3房(室)2廳2衛(含加蓋--房(室)--廳1衛),0
中正區,森林公園質感美屋,台北市中正區信義路二段,2900 萬,住宅大樓,7.7年,建坪16.20,主9.27,4/14樓,1房(室)1廳1衛,0
中正區,新美齊稀有陽台戶,台北市中正區信義路二段,3140 萬,住宅大樓,7.7年,建坪17.94,主+陽11.01,7/14樓,1房(室)1廳1衛,0
中正區,未來捷運電梯頂加,台北市中正區中華路二段,2300 萬,華廈,44.1年,建坪21.58,主+陽17.88,7/7樓,4房(室)4廳2衛(含加蓋2房(室)2廳1衛),0
中正區,地上權公寓三房,台北市中正區汀州路一段,1188 萬,公寓,50.7年,建坪32.19,主32.19,3/4樓,4房(室)2廳1衛,0
中正區,寧波西街優質金店,台北市中正區寧波西街,5680 萬,店面,41.8年,建坪28.72,主+平+陽27.24,1/7樓,1房(室)1廳1衛(含加蓋1房(室)--廳1衛),0
中正區,植物園電梯二樓,台北市中正區和平西路二段,3988 萬,辦公商業大樓,39.8年,建坪52.28,主+陽49.24,2/7樓,5房(室)2廳2衛,0
中正區,近雙子星都會精品,台北市中正區博愛路,5888 萬 (含車位價),辦公商業大樓,10.4年,建坪49.52,主+陽32.34,5/15樓,3房(室)2廳2衛,1
中正區,廈川里美2FB2,台北市中正區,1765 萬,住宅大樓,--年,建坪17.00,主+陽11.06,2/14樓,2房(室)1廳1衛,0
中正區,東門中正電梯三房,台北市中正區仁愛路二段,4680 萬 (含車位價),華廈,15.3年,建坪38.13,主+陽19.58,4/7樓,3房(室)2廳1衛(含加蓋1房(室)--廳--衛),1
中正區,廈門邊間採光佳,台北市中正區廈門街,2880 萬,辦公商業大樓,42.3年,建坪31.59,主+陽29.21,4/9樓,3房(室)2廳2衛,0
中正區,古亭匯捷運邊間,台北市中正區南昌路二段,4280 萬,住宅大樓,5.3年,建坪29.53,主+陽16.12,4/14樓,2房(室)2廳1衛,0
中正區,中正捷運角窗金店,台北市中正區水源路,3650 萬,店面,42.4年,建坪31.48,主+平24.78,1/12樓,--房(室)2廳1衛(含加蓋--房(室)1廳--衛),0
中正區,古亭捷運公園3房,台北市中正區水源路,4180 萬 (含車位價),住宅大樓,6.8年,建坪41.36,主+陽21.18,2/15樓,3房(室)2廳2衛,1
中正區,中正國中電梯高樓,台北市中正區和平西路一段,2438 萬,住宅大樓,17.8年,建坪14.62,主+陽9.44,11/14樓,1房(室)1廳1衛(含加蓋1房(室)--廳--衛),0
中正區,古亭捷運百年及第,台北市中正區和平西路一段,4371 萬,住宅大樓,40.7年,建坪42.38,主+陽35.84,7/12樓,2房(室)2廳2衛,0
中正區,中正國中電梯三房,台北市中正區羅斯福路二段,4280 萬,住宅大樓,48.0年,建坪29.61,主25.05,8/11樓,3房(室)2廳3衛,0
中正區,中正國中邊間美宅,台北市中正區和平西路一段,4388 萬 (含車位價),住宅大樓,6.8年,建坪28.97,主+陽14.54,3/14樓,1房(室)1廳1衛,1
中正區,南門市場面寬店面,台北市中正區羅斯福路一段,26488 萬,辦公商業大樓,54.0年,建坪227.28,主152.86,1/11樓,--房(室)1廳--衛,0
中正區,宏燁文華A戶2F,台北市中正區,1728 萬,華廈,--年,建坪12.51,主+陽7.14,2/9樓,1房(室)--廳1衛,0
中正區,西門捷運城中店霸,台北市中正區博愛路,13900 萬,店面,37.1年,建坪134.32,主+平89.38,1~B2/12樓,--房(室)3廳3衛,0
中正區,近捷運低總兩房,台北市中正區重慶南路三段,1450 萬,公寓,50.6年,建坪20.19,主20.19,2/4樓,2房(室)1廳1衛,0
中正區,古亭商二一樓公寓,台北市中正區廈門街,2800 萬,公寓,48.0年,建坪35.87,主24.15,B1~1/4樓,1房(室)1廳1衛,0
中正區,古亭捷運公寓一樓,台北市中正區晉江街,3988 萬,公寓,47.7年,建坪35.32,主+平35.31,1/5樓,3房(室)2廳2衛,0
中正區,汀州面寬金店面,台北市中正區汀州路一段,2180 萬,店面,46.1年,建坪17.27,主+平17.27,1/5樓,--房(室)1廳1衛(含加蓋--房(室)--廳1衛),0
中正區,北車投報低總金店,台北市中正區開封街一段,998 萬,店面,37.4年,建坪2.49,主1.12,1/12樓,--房(室)1廳--衛,0
中正區,未來捷運美妝華廈,台北市中正區汀州路一段,2880 萬,華廈,35.2年,建坪37.96,主+陽34.56,2/7樓,3房(室)2廳2衛,0
中正區,中正國中捷運兩房,台北市中正區羅斯福路二段,2850 萬,住宅大樓,36.6年,建坪23.74,主+陽19.10,8/12樓,1房(室)2廳1衛,0
中正區,氣派高樓露臺豪邸,台北市中正區杭州南路一段,17000 萬 (含車位價),華廈,17.7年,建坪117.28,主+陽75.33,9~10/10樓,6房(室)2廳3衛,1
中正區,古亭捷運面寬金店,台北市中正區杭州南路二段,8800 萬,店面,44.5年,建坪70.81,主+平43.35,1/7樓,3房(室)1廳1衛(含加蓋3房(室)--廳--衛),0
中正區,宏燁文華C戶2F,台北市中正區,1475 萬,華廈,--年,建坪10.30,主+陽5.88,2/9樓,1房(室)--廳1衛,0
中正區,正和平西質感店面,台北市中正區和平西路一段,3600 萬 (含車位價),店面,14.5年,建坪29.75,主13.19,1/18樓,--房(室)1廳1衛,1
中正區,台大公館精品透天,台北市中正區羅斯福路三段,7750 萬 (含車位價),透天厝,13.5年,建坪135.03,主+陽48.68,1~3/3樓,4房(室)1廳4衛(含加蓋2房(室)--廳4衛),1
中正區,戀戀台大高樓景觀,台北市中正區羅斯福路四段,5488 萬,辦公商業大樓,20.0年,建坪43.06,主+陽28.97,15/15樓,2房(室)2廳2衛,0
中正區,公館台大景觀辦公,台北市中正區羅斯福路四段,5989 萬,辦公商業大樓,20.0年,建坪47.42,主+陽31.92,15/15樓,1房(室)2廳2衛,0
中正區,杭州辦公人潮角窗,台北市中正區杭州南路一段,16500 萬 (含車位價),店面,15.7年,建坪90.06,主+陽52.60,1~2/12樓,1房(室)2廳3衛,1
中正區,羅斯福捷運金店,台北市中正區羅斯福路二段,4700 萬,店面,38.0年,建坪22.07,主+陽19.42,1/12樓,--房(室)2廳1衛,0
中正區,弘道國中設籍首選,台北市中正區紹興南街,999 萬,華廈,30.0年,建坪10.03,主+陽+露7.29,4/6樓,1房(室)1廳1衛(含加蓋1房(室)1廳--衛),0
中正區,捷運旁精美店面,台北市中正區中華路一段,580 萬,辦公商業大樓,34.4年,建坪7.47,主+陽4.02,2/14樓,--房(室)1廳--衛,0
中正區,站前捷運優質首選,台北市中正區中華路一段,2403 萬 (含車位價),住宅大樓,10.1年,建坪23.96,主+陽10.83,7/15樓,1房(室)1廳1衛,1
中正區,宏燁文華D戶2F,台北市中正區,1755 萬,華廈,--年,建坪12.96,主+陽7.40,2/9樓,1房(室)--廳1衛,0
中正區,忠孝捷運華山金店,台北市中正區忠孝東路二段,28800 萬,店面,26.3年,建坪115.67,主+陽76.76,1~2/13樓,--房(室)5廳2衛,0
中正區,奕品竹經典店辦,台北市中正區廈門街,2835 萬 (含車位價),店面,7.5年,建坪34.00,主+陽23.41,1/12樓,--房(室)1廳1衛,1
中正區,森林公園金華豪邸,台北市中正區新生南路一段,18800 萬 (含車位價),住宅大樓,11.0年,建坪116.46,主+陽61.96,5/14樓,--房(室)2廳3衛,1
中正區,古亭高樓裝潢四房,台北市中正區和平西路一段,9888 萬 (含車位價),住宅大樓,14.4年,建坪87.83,主+陽46.31,11/18樓,4房(室)2廳2衛,1
中正區,中正國家音悅廳,台北市中正區南昌路二段,5280 萬 (含車位價),辦公商業大樓,18.0年,建坪47.57,主+陽24.94,2/14樓,1房(室)2廳2衛,1
中正區,中正一樓低總價讚,台北市中正區廈門街,1880 萬,公寓,49.7年,建坪21.77,主21.77,1/4樓,1房(室)2廳1.5衛,0
中正區,中正首購三樓公寓,台北市中正區廈門街,1780 萬,公寓,49.7年,建坪21.77,主21.77,3/4樓,3房(室)1廳1衛,0
中正區,中正首購低樓公寓,台北市中正區廈門街,1680 萬,公寓,49.7年,建坪21.77,主21.77,2/4樓,2房(室)2廳1衛,0
中正區,沂荷庭院平車,台北市中正區臨沂街,18998 萬 (含車位價),華廈,16.6年,建坪146.70,主+陽70.45,1~2/9樓,5房(室)3廳3.5衛(含加蓋--房(室)1廳--衛),1
中正區,閱狷聲金店面,台北市中正區杭州南路一段,11700 萬 (含車位價),店面,8.7年,建坪56.23,主28.38,1/14樓,--房(室)1廳1衛,1
中正區,廈川里美2FA1,台北市中正區,2734 萬,住宅大樓,--年,建坪26.97,主+陽17.59,2/14樓,3房(室)1廳1.5衛,0
中正區,捷運低總採光頂加,台北市中正區同安街,2388 萬,公寓,50.6年,建坪24.87,主24.87,4/4樓,4房(室)2廳2衛(含加蓋1房(室)--廳1衛),0
中正區,捷運旁置產首選,台北市中正區中華路一段,1388 萬,店面,34.4年,建坪13.47,主+陽6.50,1~2/14樓,1房(室)1廳--衛,0
中正區,臺大醫院捷運金店,台北市中正區衡陽路,6913 萬,店面,34.7年,建坪130.44,主112.69,B1/15樓,7房(室)2廳3衛,0
中正區,靜巷美裝庭院一樓,台北市中正區廈門街,2888 萬 (含車位價),華廈,8.6年,建坪27.92,主11.85,1/5樓,1房(室)2廳1衛,1
中正區,南門捷運商圈金店,台北市中正區延平南路,8288 萬,店面,47.2年,建坪41.46,主+平33.00,1/7樓,3房(室)2廳2衛,0
中正區,古亭捷運雲嵐雅築,台北市中正區廈門街,4688 萬,華廈,44.9年,建坪47.37,主+陽46.00,2/7樓,4房(室)2廳2衛,0
中正區,古亭商業角窗透天,台北市中正區羅斯福路二段,11350 萬,透天厝,67.5年,建坪23.36,主23.36,1~2/2樓,--房(室)3廳1衛(含加蓋--房(室)1廳--衛),0
中正區,古亭紀州同安6樓,台北市中正區同安街,6388 萬 (含車位價),華廈,0.7年,建坪51.81,主+陽23.83,6/7樓,3房(室)2廳2衛,1
中正區,必買高質感金店,台北市中正區和平西路一段,3600 萬 (含車位價),店面,14.6年,建坪29.75,主13.19,1/18樓,--房(室)1廳1衛,1
中正區,古亭紀州同安3樓,台北市中正區同安街,6088 萬 (含車位價),華廈,0.7年,建坪51.81,主+陽23.83,3/7樓,3房(室)2廳2衛,1
中正區,廈川里美2FA2,台北市中正區,2729 萬,住宅大樓,--年,建坪27.06,主+陽17.65,2/14樓,3房(室)1廳1.5衛,0
中正區,古亭紀州同安5樓,台北市中正區同安街,6288 萬 (含車位價),華廈,0.7年,建坪51.81,主+陽23.83,5/7樓,3房(室)2廳2衛,1
中正區,古亭紀州同安2樓,台北市中正區同安街,5988 萬 (含車位價),華廈,0.6年,建坪51.81,主+陽23.83,2/7樓,3房(室)2廳2衛,1
中正區,中正區面寬金店面,台北市中正區廈門街,3480 萬,店面,50.8年,建坪32.47,主32.47,B1~1/4樓,--房(室)1廳1衛(含加蓋--房(室)--廳1衛),0
中正區,北車博愛商四透天,台北市中正區博愛路,8000 萬,透天厝,--年,建坪41.02,主41.02,1~4/4樓,4房(室)4廳2衛,0
中正區,西門青年創業金店,台北市中正區中華路一段,850 萬,店面,34.1年,建坪8.66,主3.48,1/14樓,--房(室)1廳--衛,0
中正區,古亭三角窗金店,台北市中正區和平西路一段,8800 萬 (含車位價),店面,17.8年,建坪92.29,主55.06,1/15樓,--房(室)2廳2衛,1
中正區,寶舖CARE高樓,台北市中正區羅斯福路三段,4258 萬 (含車位價),住宅大樓,0.3年,建坪27.29,主+陽15.43,13/14樓,1房(室)2廳2衛,1
中正區,靜巷美裝大空間,台北市中正區寧波西街,3850 萬 (含車位價),華廈,10.3年,建坪38.66,主+陽20.86,5/5樓,3房(室)2廳2衛(含加蓋1房(室)--廳--衛),1
中正區,中正DC設籍套房,台北市中正區南昌路一段,2350 萬,住宅大樓,16.9年,建坪14.02,主9.12,9/15樓,1房(室)1廳1衛,0
中正區,正馬路三角窗金店,台北市中正區重慶南路三段,5688 萬,店面,42.7年,建坪107.47,主+平96.24,B1~1/12樓,--房(室)1廳1衛,0
中正區,廈川里美2FB1,台北市中正區,1731 萬,住宅大樓,--年,建坪17.02,主+陽11.08,2/14樓,2房(室)1廳1衛,0
中正區,新美齊低總高樓,台北市中正區信義路二段,2488 萬,住宅大樓,7.7年,建坪13.48,主+陽8.52,14/14樓,1房(室)1廳1衛,0
中正區,廈川里美2FB2,台北市中正區,1765 萬,住宅大樓,--年,建坪17.00,主+陽11.06,2/14樓,2房(室)1廳1衛,0
中正區,廈川里美2FA2,台北市中正區,2729 萬,住宅大樓,--年,建坪27.06,主+陽17.65,2/14樓,3房(室)1廳1.5衛,0
中正區,廈川里美2FB1,台北市中正區,1731 萬,住宅大樓,--年,建坪17.02,主+陽11.08,2/14樓,2房(室)1廳1衛,0
中正區,廈川里美2FA1,台北市中正區,2734 萬,住宅大樓,--年,建坪26.97,主+陽17.59,2/14樓,3房(室)1廳1.5衛,0
中正區,中正國中庭院三房,台北市中正區和平西路一段,5638 萬 (含車位價),住宅大樓,17.8年,建坪47.46,主+陽24.29,1/14樓,3房(室)2廳2衛,1
中正區,中正學區電梯首選,台北市中正區杭州南路一段,3788 萬,辦公商業大樓,40.3年,建坪33.58,主+陽28.25,5/10樓,3房(室)2廳2衛,0
中正區,寶舖CARE高樓,台北市中正區羅斯福路三段,2633 萬 (含車位價),住宅大樓,0.3年,建坪17.44,主+陽9.18,13/14樓,1房(室)1廳1衛,1
中正區,捷運邊間電梯4房,台北市中正區師大路,3498 萬,住宅大樓,44.2年,建坪50.66,主+陽44.62,5/12樓,4房(室)2廳2衛,0
中正區,螢橋國小旁一樓,台北市中正區詔安街,2580 萬,公寓,36.8年,建坪33.56,主+平30.64,1/4樓,3房(室)2廳2衛,0
中正區,廈川里美2FB2,台北市中正區,1765 萬,住宅大樓,--年,建坪17.00,主+陽11.06,2/14樓,2房(室)1廳1衛,0
中正區,建中典藏一樓店辦,台北市中正區泉州街,5300 萬,華廈,51.5年,建坪39.56,主39.56,1/7樓,1房(室)1廳1衛,0
中正區,首選高樓面後電梯,台北市中正區羅斯福路三段,2950 萬,住宅大樓,49.7年,建坪34.00,主30.20,9/12樓,3房(室)2廳2衛,0
中正區,捷運全新兩房美廈,台北市中正區,2300 萬 (含車位價),住宅大樓,--年,建坪24.14,主+陽12.99,12/15樓,2房(室)1廳2衛,1
中正區,古亭捷運住辦首選,台北市中正區水源路,15800 萬 (含車位價),住宅大樓,33.5年,建坪139.11,主+陽103.51,3/16樓,6房(室)1廳2衛,1
中正區,雙捷運正馬路金店,台北市中正區和平西路一段,4280 萬,辦公商業大樓,39.0年,建坪21.99,主+平16.13,1/12樓,--房(室)1廳1衛,0
中正區,瑩橋國小公寓三樓,台北市中正區詔安街,1950 萬,公寓,52.3年,建坪29.93,主29.93,3/4樓,4房(室)2廳1.5衛,0
中正區,春暉大廈邊間林蔭,台北市中正區重慶南路三段,3598 萬,住宅大樓,48.6年,建坪39.07,主+陽33.27,6/12樓,4房(室)2廳1衛,0
中正區,銀河典藏河景四房,台北市中正區水源路,3380 萬,辦公商業大樓,47.0年,建坪53.39,主+陽47.85,3/10樓,4房(室)2廳2衛,0
中正區,佳元臨沂帝王景觀,台北市中正區臨沂街,7508 萬 (含車位價),華廈,1.8年,建坪51.94,主+陽24.85,10/10樓,2房(室)2廳2衛,1
中正區,宏燁文華A戶2F,台北市中正區,1728 萬,華廈,--年,建坪12.51,主+陽7.14,2/9樓,1房(室)--廳1衛,0
中正區,窗景森活辦公,台北市中正區懷寧街,1552 萬,辦公商業大樓,49.6年,建坪15.45,主11.07,5/10樓,--房(室)1廳--衛,0
中正區,公園邊間黃金三樓,台北市中正區齊東街,2880 萬,公寓,53.4年,建坪25.44,主25.44,3/4樓,2房(室)2廳1衛,0
中正區,近雙子星高樓露臺,台北市中正區博愛路,6800 萬 (含車位價),辦公商業大樓,10.3年,建坪48.92,主+陽29.39,15/15樓,3房(室)2廳2衛,1
中正區,台北雙星大坪住宅,台北市中正區忠孝東路二段,4350 萬,公寓,51.1年,建坪38.42,主+陽38.41,4/4樓,3房(室)3廳4衛(含加蓋1房(室)1廳2衛),0
中正區,東門車庫採光一樓,台北市中正區臨沂街,5780 萬,公寓,56.6年,建坪36.20,主+陽36.20,1/4樓,4房(室)2廳3衛(含加蓋--房(室)--廳1衛),0
中正區,古亭同安黑土透天,台北市中正區同安街,5880 萬,透天厝,63.3年,建坪19.14,主19.14,1/1樓,8房(室)1廳5衛(含加蓋4房(室)--廳1衛),0
中正區,敦年凱旋博愛特區,台北市中正區博愛路,5980 萬 (含車位價),住宅大樓,10.3年,建坪50.36,主+陽32.67,8/15樓,3房(室)2廳2衛,1
中正區,日商華熊田園三房,台北市中正區重慶南路二段,5680 萬 (含車位價),住宅大樓,5.4年,建坪38.63,主+陽22.10,3/14樓,3房(室)2廳2衛,1
中正區,宏燁文華C戶2F,台北市中正區,1475 萬,華廈,--年,建坪10.30,主+陽5.88,2/9樓,1房(室)--廳1衛,0
中正區,大面寬金店面透天,台北市中正區金門街,4980 萬,透天厝,65.2年,建坪23.78,主23.78,1~2/2樓,1房(室)3廳2衛,0
中正區,森林公園捷運坡車,台北市中正區信義路二段,6666 萬 (含車位價),住宅大樓,7.5年,建坪42.82,主+陽21.04,8/14樓,2房(室)2廳2衛,1
中正區,華山公園挑高金店,台北市中正區忠孝東路一段,3688 萬,店面,5.4年,建坪25.29,主15.96,1/8樓,--房(室)1廳1衛,0
中正區,人潮不斷公館金店,台北市中正區羅斯福路四段,7380 萬,店面,20.0年,建坪13.34,主9.78,1/15樓,--房(室)2廳--衛,0
中正區,近植物園景觀四房,台北市中正區三元街,7200 萬 (含車位價),住宅大樓,13.0年,建坪107.32,主+陽53.35,8/11樓,4房(室)3廳3.5衛,1
中正區,師大君逸美妝附車,台北市中正區羅斯福路三段,5600 萬 (含車位價),住宅大樓,13.3年,建坪57.20,主+陽30.26,4/13樓,2房(室)2廳2衛,1
中正區,中正國中前後庭院,台北市中正區南昌路一段,6200 萬 (含車位價),華廈,33.7年,建坪52.71,主+平39.61,1/6樓,3房(室)2廳2衛,1
中正區,耕玉7A,台北市中正區連雲街,18029 萬 (含車位價),住宅大樓,1.9年,建坪131.39,主+陽60.88,7/13樓,--房(室)--廳--衛,1
中正區,富享榮華三房平車,台北市中正區金華街,9200 萬 (含車位價),住宅大樓,0.4年,建坪65.04,主+陽36.33,9/15樓,3房(室)2廳2衛,1
中正區,品陽大苑高樓豪邸,台北市中正區三元街,12800 萬 (含車位價),住宅大樓,0.8年,建坪96.38,主+陽53.87,18/21樓,3房(室)3廳3衛,1
中正區,宏燁文華D戶2F,台北市中正區,1755 萬,華廈,--年,建坪12.96,主+陽7.40,2/9樓,1房(室)--廳1衛,0
中正區,忠孝新生美辦,台北市中正區新生南路一段,3688 萬,住宅大樓,39.6年,建坪40.27,主+陽33.05,3/12樓,7房(室)1廳1衛,0
中正區,堡格麗實小美居,台北市中正區和平西路二段,1620 萬,華廈,45.9年,建坪15.52,主11.69,5/7樓,1房(室)1廳1衛,0
中正區,古亭稀有露臺小品,台北市中正區汀州路二段,2500 萬,住宅大樓,12.1年,建坪19.94,主+陽12.29,2/11樓,1房(室)1廳1衛,0
中正區,古亭捷運金鑽兩室,台北市中正區南昌路二段,2880 萬,辦公商業大樓,29.3年,建坪26.31,主17.26,3/11樓,2房(室)2廳1衛,0
中正區,台北車站置產首選,台北市中正區忠孝西路一段,250 萬,辦公商業大樓,49.0年,建坪3.38,主1.77,2/11樓,1房(室)--廳--衛,0
中正區,公館捷運角窗店面,台北市中正區羅斯福路四段,5980 萬,店面,56.7年,建坪25.96,主25.96,1/4樓,--房(室)1廳2衛(含加蓋--房(室)--廳2衛),0
中正區,古亭水岸景觀三室,台北市中正區水源路,2880 萬 (含車位價),辦公商業大樓,20.8年,建坪32.24,主14.46,11/11樓,3房(室)3廳2衛(含加蓋3房(室)--廳1衛),1
中正區,古亭邊間挑高兩房,台北市中正區重慶南路三段,2398 萬 (含車位價),住宅大樓,12.9年,建坪27.15,主+陽13.74,5/11樓,2房(室)2廳1衛(含加蓋1房(室)--廳--衛),1
中正區,廈川里美2FA1,台北市中正區,2734 萬,住宅大樓,--年,建坪26.97,主+陽17.59,2/14樓,3房(室)1廳1.5衛,0
中正區,冠德羅斯福金店面,台北市中正區羅斯福路三段,6500 萬,店面,4.8年,建坪34.93,主24.82,1/22樓,--房(室)1廳1衛,0
中正區,植物園國盛美居,台北市中正區南海路,1600 萬,華廈,45.4年,建坪21.10,主+陽18.05,7/7樓,2房(室)2廳1衛,0
中正區,正新生南低總收租,台北市中正區新生南路一段,4998 萬,店面,47.7年,建坪23.11,主+平21.66,1/7樓,--房(室)1廳1衛,0
中正區,中正近捷運公寓,台北市中正區廈門街,3680 萬,公寓,44.8年,建坪47.32,主+陽41.18,5/5樓,4房(室)2廳2衛,0
中正區,古亭中正邊間美寓,台北市中正區金門街,2760 萬,公寓,57.4年,建坪38.90,主+陽38.90,4/4樓,4房(室)2廳3衛(含加蓋--房(室)1廳1衛),0
中正區,低總價自用收租,台北市中正區廈門街,750 萬,透天厝,--年,建坪20.90,無資料,1/1樓,1房(室)3廳1衛,0
中正區,公館面寬人潮店面,台北市中正區汀州路三段,13680 萬,店面,46.2年,建坪43.04,主+平41.31,1/7樓,--房(室)1廳--衛,0
中正區,中正區近物園店面,台北市中正區三元街,3890 萬,公寓,51.1年,建坪27.14,主27.14,B1~1/4樓,2房(室)1廳2衛,0
中正區,中正透天正土地,台北市中正區重慶南路三段,5980 萬,透天厝,99.2年,建坪14.00,主14.00,1/1樓,--房(室)--廳--衛,0
中正區,重慶南三角窗店面,台北市中正區重慶南路三段,5800 萬,店面,48.6年,建坪63.95,主+平58.67,B1~1/12樓,--房(室)2廳1衛,0
中正區,廈川里美2FA2,台北市中正區,2729 萬,住宅大樓,--年,建坪27.06,主+陽17.65,2/14樓,3房(室)1廳1.5衛,0
中正區,景觀雙公園捷運宅,台北市中正區廈門街,1988 萬 (含車位價),住宅大樓,15.5年,建坪19.74,主+陽11.39,12/14樓,1房(室)2廳1衛,1
中正區,中正國中質感辦公,台北市中正區南昌路一段,5500 萬,辦公商業大樓,16.0年,建坪55.56,主+陽35.52,2/18樓,--房(室)--廳1衛,0
中正區,忠孝新生收租金店,台北市中正區濟南路二段,13800 萬,店面,43.4年,建坪49.10,主+平29.46,B1~1/7樓,--房(室)2廳2衛,0
中正區,公館台大電梯頂加,台北市中正區羅斯福路四段,4680 萬,華廈,40.5年,建坪34.44,主+陽31.10,7/7樓,7房(室)--廳7衛(含加蓋2房(室)--廳2衛),0
中正區,獨棟商四福氣透天,台北市中正區懷寧街,33888 萬,透天厝,60.0年,建坪207.80,主207.80,1~5/5樓,13房(室)4廳9衛(含加蓋1房(室)1廳1衛),0
中正區,公園邊間一樓,台北市中正區廈門街,6380 萬,華廈,39.5年,建坪88.47,主+平83.40,B1~1/7樓,3房(室)2廳2衛,0
中正區,台太學霸高樓景觀,台北市中正區羅斯福路四段,3216 萬,住宅大樓,2.4年,建坪18.07,主+陽10.52,11/13樓,1房(室)2廳1衛,0
中正區,古亭捷運裝潢美寓,台北市中正區同安街,2160 萬,公寓,51.8年,建坪24.03,主+陽24.03,3/4樓,3房(室)2廳2衛,0
中正區,紀念堂丹陽金店,台北市中正區丹陽街,4480 萬,店面,41.7年,建坪48.43,主+平14.18,B1~1/7樓,--房(室)2廳1衛,0
中正區,和西臨路置產金店,台北市中正區和平西路二段,8200 萬,店面,29.7年,建坪77.95,主25.80,B1~1/5樓,6房(室)2廳3衛(含加蓋--房(室)--廳1衛),0
中正區,廈川里美2FB1,台北市中正區,1731 萬,住宅大樓,--年,建坪17.02,主+陽11.08,2/14樓,2房(室)1廳1衛,0
中正區,古亭捷運精美三樓,台北市中正區晉江街,2166 萬,公寓,47.4年,建坪21.67,主+陽21.67,3/4樓,2房(室)2廳1衛,0
中正區,台大獨層收租電梯,台北市中正區羅斯福路四段,3100 萬,華廈,40.4年,建坪34.44,主+陽31.10,3/7樓,4房(室)--廳4衛,0
中正區,中正邊間靜巷公寓,台北市中正區詔安街,1980 萬,公寓,56.6年,建坪31.23,主31.23,4/4樓,4房(室)3廳2.5衛(含加蓋1房(室)1廳1衛),0
中正區,商運馬快黃金鋪,台北市中正區金門街,4370 萬,公寓,59.7年,建坪21.08,主21.08,1/4樓,--房(室)2廳2衛,0
中正區,學區優勢收租首選,台北市中正區延平南路,688 萬,辦公商業大樓,44.9年,建坪8.79,主3.55,B1/15樓,--房(室)1廳--衛,0
中正區,台大公館角窗透天,台北市中正區羅斯福路四段,5988 萬,透天厝,58.6年,建坪18.61,主18.61,1~3/3樓,--房(室)4廳2衛,0
中正區,捷運面寬角窗金店,台北市中正區羅斯福路三段,18800 萬 (含車位價),店面,9.9年,建坪117.34,主+陽70.32,1/19樓,3房(室)2廳3衛,1
中正區,仁愛林蔭面寬金店,台北市中正區仁愛路一段,7800 萬 (含車位價),住宅大樓,27.5年,建坪57.74,主+陽39.56,1/16樓,--房(室)1廳1衛,1
中正區,廈川里美2FB2,台北市中正區,1765 萬,住宅大樓,--年,建坪17.00,主+陽11.06,2/14樓,2房(室)1廳1衛,0
中正區,正忠孝東華山金店,台北市中正區忠孝東路二段,19800 萬,店面,51.7年,建坪45.56,主45.56,1/8樓,--房(室)3廳1衛(含加蓋--房(室)1廳--衛),0
中正區,古亭國中邊間金店,台北市中正區泉州街,1650 萬,店面,47.1年,建坪18.30,主15.81,1/10樓,1房(室)1廳1衛,0
中正區,公館馬路金店面,台北市中正區汀州路三段,7800 萬,店面,48.6年,建坪30.58,主16.13,B1~1/6樓,--房(室)2廳1衛,0
中正區,北車商四邊間透天,台北市中正區南陽街,19800 萬,透天厝,64.0年,建坪88.29,主88.29,1~3/3樓,--房(室)2廳2衛,0
中正區,重慶南黃金店面,台北市中正區重慶南路一段,13800 萬 (含車位價),店面,43.2年,建坪143.42,主+平+陽85.66,1~2/8樓,--房(室)--廳2衛,1
中正區,台大公館金店面,台北市中正區汀州路三段,8900 萬,店面,49.8年,建坪40.83,主40.83,1/4樓,--房(室)2廳1衛,0
中正區,台大校園景觀辦公,台北市中正區羅斯福路四段,4080 萬 (含車位價),辦公商業大樓,20.0年,建坪46.57,主+陽20.56,7/15樓,--房(室)1廳1衛,1
中正區,忠孝東捷運口店王,台北市中正區忠孝東路二段,17282 萬,店面,43.7年,建坪49.43,主+平40.50,1/12樓,--房(室)1廳1衛,0
中正區,三角窗面寬店面,台北市中正區寧波西街,4380 萬,店面,40.3年,建坪18.49,主+平18.14,1/7樓,--房(室)1廳1衛,0
中正區,宏燁文華A戶2F,台北市中正區,1728 萬,華廈,--年,建坪12.51,主+陽7.14,2/9樓,1房(室)--廳1衛,0
中正區,揚昇君臨氣派豪邸,台北市中正區博愛路,12850 萬 (含車位價),住宅大樓,12.0年,建坪99.30,主+陽51.99,5/31樓,3房(室)3廳3衛,1
中正區,中正附小學區美宅,台北市中正區羅斯福路一段,4298 萬,辦公商業大樓,36.2年,建坪29.52,主+陽24.14,3/10樓,5房(室)--廳5衛(含加蓋--房(室)--廳1衛),0
中正區,紀念堂捷運口店霸,台北市中正區羅斯福路一段,61688 萬 (含車位價),辦公商業大樓,53.8年,建坪529.51,主355.87,1/11樓,--房(室)3廳1衛,1
中正區,正寧波人潮金店面,台北市中正區寧波西街,5150 萬,店面,40.3年,建坪19.07,主+平15.66,1/7樓,--房(室)1廳1衛,0
中正區,101露台樓中樓,台北市中正區信義路二段,12000 萬 (含車位價),華廈,17.2年,建坪85.19,主+陽48.56,7/7樓,4房(室)3廳4衛,1
中正區,中正東門電梯三室,台北市中正區信義路二段,3480 萬 (含車位價),辦公商業大樓,28.3年,建坪29.87,主+陽14.96,4/12樓,3房(室)2廳1衛(含加蓋2房(室)--廳--衛),1
中正區,東門臨沂雅典豪邸,台北市中正區臨沂街,4588 萬 (含車位價),華廈,15.5年,建坪37.58,主+陽19.41,6/6樓,2房(室)2廳2衛(含加蓋2房(室)2廳1衛),1
中正區,皇翔紫鼎精美四房,台北市中正區中華路一段,15438 萬 (含車位價),住宅大樓,9.7年,建坪90.31,主+陽54.32,4/25樓,4房(室)2廳3衛,1
中正區,忠孝面寬景觀美辦,台北市中正區忠孝東路二段,4910 萬,辦公商業大樓,53.0年,建坪38.06,主31.44,3/11樓,3房(室)1廳--衛,0
中正區,宏燁文華C戶2F,台北市中正區,1475 萬,華廈,--年,建坪10.30,主+陽5.88,2/9樓,1房(室)--廳1衛,0
中正區,忠孝新生黑土美辦,台北市中正區忠孝東路二段,9180 萬,辦公商業大樓,53.0年,建坪71.16,主+陽57.92,3/11樓,3房(室)2廳--衛,0
中正區,忠孝新生稀釋辦公,台北市中正區忠孝東路二段,4270 萬,辦公商業大樓,53.0年,建坪33.10,主+陽26.48,3/11樓,--房(室)1廳--衛,0
中正區,忠孝新生低總收租,台北市中正區新生南路一段,2380 萬,公寓,48.0年,建坪18.91,主+陽+露18.91,5/5樓,4房(室)--廳4衛(含加蓋--房(室)--廳3衛),0
中正區,JIA面寬金店面,台北市中正區汀州路二段,5388 萬 (含車位價),店面,12.1年,建坪53.80,主+陽21.81,1/11樓,--房(室)1廳1衛,1
中正區,古亭邊間四房車位,台北市中正區廈門街,6888 萬 (含車位價),住宅大樓,13.3年,建坪75.96,主+陽46.33,3/11樓,4房(室)2廳2衛(含加蓋1房(室)--廳--衛),1
中正區,小南門美妝金店,台北市中正區中華路二段,6480 萬,店面,33.1年,建坪63.73,主+平38.15,1/6樓,--房(室)1廳1衛,0
中正區,忠孝新生日健邸,台北市中正區,2698 萬,住宅大樓,--年,建坪16.32,主+陽10.62,2/12樓,1房(室)1廳1衛,0
中正區,冠德庭院車庫一樓,台北市中正區廈門街,4488 萬 (含車位價),華廈,32.5年,建坪58.78,主21.59,1/5樓,5房(室)3廳2.5衛(含加蓋4房(室)1廳1衛),1
中正區,中正低總兩房美宅,台北市中正區臨沂街,1980 萬,公寓,59.2年,建坪16.11,主16.11,3/4樓,2房(室)1廳1衛,0
中正區,宏燁文華D戶2F,台北市中正區,1755 萬,華廈,--年,建坪12.96,主+陽7.40,2/9樓,1房(室)--廳1衛,0
中正區,戀戀台大後棟高樓,台北市中正區羅斯福路四段,1799 萬,辦公商業大樓,20.1年,建坪12.07,主+陽8.08,13/15樓,1房(室)1廳2衛(含加蓋1房(室)--廳1衛),0
中正區,中正低總寬敞辦公,台北市中正區汀州路一段,1280 萬,華廈,47.7年,建坪41.44,主38.56,B1/7樓,1房(室)2廳1衛(含加蓋1房(室)1廳--衛),0
中正區,站前商務首選,台北市中正區重慶南路一段,1425 萬,辦公商業大樓,43.3年,建坪16.67,主+陽13.41,8/8樓,1房(室)1廳--衛,0
中正區,忠孝東路高樓辦公,台北市中正區忠孝東路二段,4280 萬,辦公商業大樓,43.9年,建坪38.08,主29.47,12/12樓,3房(室)2廳--衛,0
中正區,忠孝新生捷運金店,台北市中正區新生南路一段,3988 萬,店面,16.1年,建坪22.71,主+陽17.31,1/15樓,1房(室)1廳1衛,0
中正區,低總置產金店面,台北市中正區衡陽路,1288 萬,店面,31.2年,建坪3.37,主1.86,1/11樓,--房(室)1廳--衛,0
中正區,低總兩房入主北市,台北市中正區中華路二段,798 萬,公寓,58.7年,建坪7.75,主+陽7.75,2/5樓,2房(室)1廳1衛(含加蓋1房(室)--廳--衛),0
中正區,中正國中大坪一樓,台北市中正區金山南路一段,4188 萬,公寓,50.0年,建坪25.23,主25.23,1/4樓,1房(室)3廳1衛(含加蓋--房(室)1廳1衛),0
中正區,東門靜巷低總一樓,台北市中正區臨沂街,4188 萬,公寓,41.0年,建坪45.96,主+平25.00,1/5樓,8房(室)3廳3衛(含加蓋4房(室)1廳1衛),0
中正區,金華黑土邊間電梯,台北市中正區臨沂街,4105 萬,華廈,57.3年,建坪46.55,主+陽45.60,2/4樓,4房(室)2廳2衛,0
中正區,廈川里美2FA1,台北市中正區,2734 萬,住宅大樓,--年,建坪26.97,主+陽17.59,2/14樓,3房(室)1廳1.5衛,0
中正區,東門市場黃金店面,台北市中正區臨沂街,4468 萬,店面,66.4年,建坪8.17,主8.17,1/1樓,2房(室)2廳2衛(含加蓋2房(室)1廳2衛),0
中正區,華山特區電梯透天,台北市中正區杭州南路一段,18000 萬 (含車位價),透天厝,33.6年,建坪330.15,主+平+陽+露144.14,B2~4/4樓,13房(室)3廳6衛(含加蓋1房(室)2廳2衛),1
中正區,仁愛中正面寬金店,台北市中正區紹興南街,8980 萬,店面,41.5年,建坪66.76,主+平+陽40.45,B1~2/7樓,--房(室)3廳7衛(含加蓋--房(室)1廳5衛),0
中正區,古亭捷運住辦皆宜,台北市中正區和平西路一段,4228 萬,辦公商業大樓,38.9年,建坪42.72,主+陽36.49,3/12樓,2房(室)2廳2衛,0
中正區,宏燁文華C戶2F,台北市中正區,1475 萬,華廈,--年,建坪10.30,主+陽5.88,2/9樓,1房(室)--廳1衛,0
中正區,宏燁文華A戶2F,台北市中正區,1728 萬,華廈,--年,建坪12.51,主+陽7.14,2/9樓,1房(室)--廳1衛,0
中正區,宏燁文華D戶2F,台北市中正區,1755 萬,華廈,--年,建坪12.96,主+陽7.40,2/9樓,1房(室)--廳1衛,0
中正區,安森精品鋼骨美邸,台北市中正區信義路二段,3550 萬,住宅大樓,7.4年,建坪19.71,主+陽12.45,5/14樓,1房(室)1廳1衛,0
中正區,華山公園臨沂馥玉,台北市中正區金山南路一段,5788 萬 (含車位價),住宅大樓,11.6年,建坪53.56,主+陽24.45,4/12樓,2房(室)2廳2衛,1
中正區,收租高投報美屋房,台北市中正區廈門街,2650 萬,公寓,56.9年,建坪31.77,主+陽31.18,4/4樓,5房(室)--廳5衛,0
中正區,廈川里美2FA2,台北市中正區,2729 萬,住宅大樓,--年,建坪27.06,主+陽17.65,2/14樓,3房(室)1廳1.5衛,0
中正區,雙星站前商四店辦,台北市中正區館前路,46006 萬,辦公商業大樓,46.4年,建坪235.93,主+平+陽193.89,1~3/11樓,--房(室)3廳3衛,0
中正區,地上權收租小宅,台北市中正區汀州路一段,600 萬,公寓,50.3年,建坪15.90,主+陽15.90,4/4樓,2房(室)1廳1衛,0
中正區,近未來雙星金店面,台北市中正區開封街一段,998 萬,店面,37.5年,建坪2.19,主0.99,1/12樓,--房(室)1廳--衛,0
中正區,北車雙子星金店面,台北市中正區開封街一段,998 萬,店面,37.5年,建坪2.16,主0.97,1/12樓,--房(室)1廳--衛,0
中正區,學區保值首選,台北市中正區羅斯福路二段,2560 萬,華廈,14.9年,建坪15.44,主+陽9.48,2/9樓,--房(室)1廳1衛,0
中正區,古亭捷運稀有辦公,台北市中正區羅斯福路二段,7088 萬 (含車位價),辦公商業大樓,34.2年,建坪74.08,主+陽62.65,5/14樓,4房(室)--廳1衛,1
中正區,小南門黃金透天,台北市中正區中華路二段,9888 萬,透天厝,52.8年,建坪96.56,主96.56,1~4/4樓,8房(室)4廳4衛,0
中正區,古亭同安傳世透天,台北市中正區同安街,3400 萬,透天厝,61.7年,建坪6.86,主6.86,1/1樓,5房(室)1廳1衛(含加蓋2房(室)--廳--衛),0
中正區,臻第高樓景觀房,台北市中正區重慶南路三段,1080 萬,套房,17.3年,建坪10.70,主+陽7.37,10/12樓,--房(室)1廳1衛,0
中正區,廈川里美2FB1,台北市中正區,1731 萬,住宅大樓,--年,建坪17.02,主+陽11.08,2/14樓,2房(室)1廳1衛,0
中正區,新隆國宅高樓層,台北市中正區愛國東路,4800 萬,住宅大樓,40.4年,建坪35.96,主+陽24.04,10/12樓,3房(室)2廳2衛,0
中正區,古亭捷運面寬金店,台北市中正區汀州路二段,2080 萬,店面,41.5年,建坪--,無資料,1/7樓,--房(室)1廳1衛,0
中正區,華山收租置產首選,台北市中正區林森北路,2088 萬,公寓,50.2年,建坪37.35,主+陽37.35,3/4樓,5房(室)--廳5衛,0
中正區,忠孝文創稀有店面,台北市中正區忠孝東路二段,3610 萬,店面,53.3年,建坪21.87,主+平21.87,1/4樓,--房(室)1廳1衛,0
中正區,婦幼醫院旁大店面,台北市中正區南昌路二段,7268 萬,店面,43.5年,建坪51.83,主+平44.38,1/11樓,--房(室)2廳1衛(含加蓋--房(室)1廳--衛),0
中正區,建中實小精華地段,台北市中正區寧波西街,17800 萬,華廈,35.4年,建坪220.39,主+平+陽186.53,1/7樓,6房(室)3廳5衛,0
中正區,植物園雅緻頂加,台北市中正區惠安街,1980 萬,公寓,45.5年,建坪29.61,主+陽28.16,5/5樓,7房(室)3廳2衛(含加蓋4房(室)1廳1衛),0
中正區,植物園超值透天,台北市中正區莒光路,12680 萬,透天厝,71.8年,建坪14.19,主14.19,1/1樓,8房(室)1廳9衛(含加蓋8房(室)1廳9衛),0
中正區,古亭捷運牯嶺金店,台北市中正區牯嶺街,4950 萬,店面,34.3年,建坪39.52,主+平25.65,B1~1/9樓,--房(室)2廳1衛,0
中正區,廈川里美2FB2,台北市中正區,1765 萬,住宅大樓,--年,建坪17.00,主+陽11.06,2/14樓,2房(室)1廳1衛,0
中正區,中正晏京稀有金店,台北市中正區廈門街,3750 萬,店面,8.7年,建坪22.32,主14.99,1/19樓,--房(室)1廳1衛,0
中正區,站前雙子星店霸,台北市中正區開封街一段,9888 萬,店面,37.4年,建坪92.23,主41.50,1/12樓,--房(室)1廳2衛,0
中正區,站前商四土地透天,台北市中正區南陽街,10800 萬,公寓,54.6年,建坪91.39,主91.39,1~4/4樓,--房(室)7廳5衛(含加蓋--房(室)3廳1衛),0
中正區,華山特區忠孝透天,台北市中正區忠孝東路二段,12800 萬,透天厝,65.4年,建坪35.73,主35.73,1~2/2樓,--房(室)--廳--衛,0
中正區,古亭捷運面寬金店,台北市中正區同安街,11000 萬,公寓,39.5年,建坪38.19,主+平32.73,1/5樓,--房(室)1廳1衛,0
中正區,古亭置產正大馬路,台北市中正區重慶南路三段,2950 萬,公寓,50.8年,建坪28.21,主28.21,2/4樓,3房(室)2廳1.5衛,0
中正區,中正古亭低總店辦,台北市中正區廈門街,1450 萬,店面,47.6年,建坪12.61,主+平11.39,1/5樓,--房(室)2廳1衛(含加蓋--房(室)1廳--衛),0
中正區,台電捷運旁金店辦,台北市中正區師大路,4500 萬,店面,49.7年,建坪32.81,主21.93,B1~1/12樓,--房(室)2廳2衛,0
中正區,台電師大捷運美寓,台北市中正區師大路,3850 萬,公寓,49.0年,建坪40.83,主+陽35.74,2/5樓,4房(室)2廳2衛,0
中正區,站前正館前路店王,台北市中正區館前路,33000 萬,店面,49.0年,建坪26.83,主12.19,1/12樓,--房(室)1廳1衛,0
中正區,宏燁文華A戶2F,台北市中正區,1728 萬,華廈,--年,建坪12.51,主+陽7.14,2/9樓,1房(室)--廳1衛,0
中正區,正信義路角窗金店,台北市中正區信義路一段,4500 萬,店面,29.7年,建坪26.54,主19.28,1/12樓,--房(室)1廳1衛,0
中正區,德林小資美宅,台北市中正區南昌路二段,2280 萬 (含車位價),住宅大樓,18.4年,建坪19.36,主+陽9.20,4/13樓,2房(室)1廳1衛(含加蓋1房(室)--廳--衛),1
中正區,北車南陽收租透天,台北市中正區南陽街,6850 萬,透天厝,79.6年,建坪77.08,主77.08,1~3/3樓,--房(室)4廳4衛,0
中正區,雙星站前萬象金倉,台北市中正區忠孝西路一段,1560 萬,辦公商業大樓,49.0年,建坪30.64,主16.68,B1/11樓,1房(室)1廳1衛,0
中正區,站前御鑽金店,台北市中正區漢口街一段,15800 萬,店面,39.7年,建坪115.19,主+平95.86,B1~1/8樓,--房(室)1廳1衛,0
中正區,公園路整棟百坪透,台北市中正區公園路,8850 萬,透天厝,--年,建坪110.30,主110.30,1~4/4樓,5房(室)4廳4衛,0
中正區,古亭捷運二樓店辦,台北市中正區和平西路一段,4188 萬 (含車位價),住宅大樓,6.7年,建坪28.97,主+陽14.54,2/14樓,1房(室)2廳1衛,1
中正區,信義東門超商店王,台北市中正區信義路二段,17800 萬,店面,47.7年,建坪84.31,主71.49,1/12樓,--房(室)2廳1衛,0
中正區,師大捷運旁店面,台北市中正區師大路,4500 萬,店面,53.9年,建坪27.22,主27.22,1/4樓,1房(室)1廳2衛,0
中正區,宏燁文華C戶2F,台北市中正區,1475 萬,華廈,--年,建坪10.30,主+陽5.88,2/9樓,1房(室)--廳1衛,0
中正區,古亭連鎖金店,台北市中正區廈門街,3500 萬 (含車位價),店面,9.3年,建坪31.66,主15.75,1/11樓,--房(室)1廳1衛,1
中正區,中正信義金鑽首選,台北市中正區信義路一段,9800 萬 (含車位價),店面,29.7年,建坪76.35,主+陽56.62,1/12樓,8房(室)3廳2衛,1
中正區,古亭捷運低總價店,台北市中正區南昌路二段,1150 萬,店面,29.2年,建坪10.32,主3.85,1/11樓,--房(室)1廳--衛,0
中正區,台大三角窗金店,台北市中正區羅斯福路三段,24300 萬 (含車位價),辦公商業大樓,10.0年,建坪144.83,主+陽84.93,1~2/19樓,--房(室)1廳2衛,1
中正區,中正國中三房美居,台北市中正區杭州南路一段,3180 萬,公寓,42.7年,建坪28.08,主+陽25.05,4/5樓,3房(室)1廳1衛,0
中正區,三總面寬角窗店面,台北市中正區汀州路三段,8800 萬,公寓,51.7年,建坪33.51,主33.51,1/4樓,--房(室)2廳1衛(含加蓋--房(室)1廳--衛),0
中正區,忠孝新生捷運金店,台北市中正區臨沂街,4850 萬,店面,26.2年,建坪25.47,主+陽13.21,1/6樓,--房(室)1廳1衛,0
中正區,中正東門公寓三房,台北市中正區臨沂街,5288 萬,公寓,44.6年,建坪39.50,主+陽39.50,4/5樓,3房(室)2廳2衛,0
中正區,宏燁文華D戶2F,台北市中正區,1755 萬,華廈,--年,建坪12.96,主+陽7.40,2/9樓,1房(室)--廳1衛,0
中正區,近西門捷運美辦,台北市中正區衡陽路,1538 萬,辦公商業大樓,31.1年,建坪18.57,主10.36,6/11樓,--房(室)1廳1衛,0
中正區,中正國中景觀住辦,台北市中正區愛國東路,5380 萬,華廈,46.2年,建坪43.21,主+陽43.21,2/7樓,--房(室)1廳1衛,0
中正區,未來捷運陽光美寓,台北市中正區汀州路一段,2200 萬,公寓,48.5年,建坪34.91,主+陽34.91,4/4樓,4房(室)2廳2衛,0
中正區,未來雙星商圈金店,台北市中正區忠孝西路一段,1000 萬,店面,48.9年,建坪7.37,主2.66,1/11樓,--房(室)1廳--衛,0
中正區,忠孝華山黑金透天,台北市中正區忠孝東路二段,26800 萬,透天厝,64.4年,建坪98.99,主98.99,1~4/4樓,--房(室)4廳4衛,0
中正區,古亭捷運華和純萃,台北市中正區,2280 萬,住宅大樓,--年,建坪18.88,主+陽12.18,12/15樓,2房(室)2廳1衛,0
中正區,廈川里美2FA1,台北市中正區,2734 萬,住宅大樓,--年,建坪26.97,主+陽17.59,2/14樓,3房(室)1廳1.5衛,0
中正區,台大寰宇堂金店,台北市中正區羅斯福路四段,15000 萬 (含車位價),店面,11.2年,建坪73.64,主+陽43.78,1/15樓,--房(室)1廳1衛,1
中正區,穩定收租精品美套,台北市中正區羅斯福路三段,2180 萬,華廈,13.5年,建坪19.02,主10.06,4/10樓,1房(室)1廳1衛,0
中正區,台電大樓三角金店,台北市中正區汀州路三段,7600 萬,店面,37.3年,建坪26.93,主+平24.62,1/17樓,2房(室)2廳1衛(含加蓋1房(室)--廳--衛),0
中正區,全新永康東門店霸,台北市中正區臨沂街,18715 萬 (含車位價),店面,1.7年,建坪94.30,主45.05,1/13樓,--房(室)1廳1衛,1
中正區,臨沂大戶美裝鼎加,台北市中正區臨沂街,7290 萬,公寓,56.8年,建坪72.91,主72.91,4/4樓,5房(室)4廳3衛(含加蓋2房(室)2廳1衛),0
中正區,廈川里美2FA2,台北市中正區,2729 萬,住宅大樓,--年,建坪27.06,主+陽17.65,2/14樓,3房(室)1廳1.5衛,0
中正區,東門低總好屋,台北市中正區臨沂街,788 萬,透天厝,75.3年,建坪8.50,主8.50,1/1樓,1房(室)2廳2衛(含加蓋1房(室)1廳1衛),0
中正區,中正區電梯四房,台北市中正區中華路二段,2380 萬,華廈,48.5年,建坪31.71,主+陽31.72,5/7樓,4房(室)1廳2衛,0
中正區,雙星站前美食店面,台北市中正區忠孝西路一段,458 萬,店面,48.8年,建坪4.46,主2.04,1/11樓,--房(室)1廳--衛,0
中正區,北車商四透天店面,台北市中正區懷寧街,11980 萬,透天厝,76.8年,建坪52.25,主52.25,1~3/3樓,6房(室)4廳4衛(含加蓋3房(室)1廳1衛),0
中正區,新隆正面中正國中,台北市中正區愛國東路,4200 萬,住宅大樓,40.2年,建坪29.91,主+陽20.19,3/12樓,2房(室)2廳1衛,0
中正區,中正低總小資美宅,台北市中正區中華路二段,1266 萬,華廈,44.7年,建坪16.22,主+陽13.38,5/7樓,1房(室)1廳1衛,0
中正區,鋼骨角窗首選辦公,台北市中正區南昌路一段,7900 萬,辦公商業大樓,15.8年,建坪91.39,主+陽57.50,2/18樓,--房(室)1廳1衛(含加蓋--房(室)--廳0.5衛),0
中正區,中正面寬金店,台北市中正區汀州路一段,3580 萬,店面,42.0年,建坪28.11,主+平26.01,1/7樓,--房(室)1廳1衛(含加蓋--房(室)--廳1衛),0
中正區,延平南路店辦1樓,台北市中正區延平南路,3980 萬,華廈,49.5年,建坪51.98,主28.61,B1~1/7樓,2房(室)1廳1衛,0
中正區,公館收租人潮金店,台北市中正區汀州路三段,9900 萬,店面,54.1年,建坪28.85,主28.85,B1~1/4樓,--房(室)1廳1衛,0
中正區,廈川里美2FB1,台北市中正區,1731 萬,住宅大樓,--年,建坪17.02,主+陽11.08,2/14樓,2房(室)1廳1衛,0
中正區,永昌三黃金土地,台北市中正區,1011 萬,無資料,--年,建坪--,無資料,--樓,--房(室)--廳--衛,0
中正區,西門置產首選金店,台北市中正區中華路一段,2358 萬,店面,34.1年,建坪23.51,主10.29,B1/14樓,--房(室)1廳1衛,0
中正區,忠孝新生庭院大戶,台北市中正區臨沂街,14800 萬 (含車位價),華廈,36.0年,建坪170.32,主+平136.88,B1~1/6樓,6房(室)3廳6衛,1
中正區,匯台大精緻小品,台北市中正區羅斯福路三段,1588 萬,套房,13.5年,建坪14.54,主6.63,2/10樓,1房(室)1廳1衛,0
中正區,新隆國宅都更改建,台北市中正區金華街,5208 萬,住宅大樓,40.2年,建坪36.21,主+陽24.30,5/12樓,3房(室)2廳2衛,0
中正區,公館商圈改建透天,台北市中正區羅斯福路四段,32000 萬,透天厝,68.1年,建坪101.42,主101.42,1~4/4樓,8房(室)2廳10衛,0
中正區,正南昌路捷運金店,台北市中正區南昌路二段,2999 萬,店面,34.8年,建坪15.27,主13.04,1/15樓,--房(室)1廳1衛,0
中正區,南機場置產首選,台北市中正區中華路二段,750 萬,公寓,58.8年,建坪7.75,主+陽7.75,3/5樓,1房(室)1廳1衛,0
中正區,未來捷運高樓電梯,台北市中正區中華路二段,3588 萬,華廈,41.0年,建坪52.33,主+陽43.99,7/7樓,5房(室)2廳3衛,0
中正區,廈川里美2FB2,台北市中正區,1765 萬,住宅大樓,--年,建坪17.00,主+陽11.06,2/14樓,2房(室)1廳1衛,0
中正區,中正電梯美妝3房,台北市中正區信義路二段,4288 萬,住宅大樓,47.7年,建坪30.24,主+陽26.94,5/12樓,3房(室)1廳2衛,0
中正區,雙子星稀有金店,台北市中正區辛亥路一段,4188 萬,店面,7.5年,建坪17.36,主14.47,1/15樓,1房(室)--廳1衛,0
中正區,城中潛力金透天,台北市中正區武昌街一段,8360 萬,透天厝,62.5年,建坪59.54,主59.54,1~4/4樓,3房(室)3廳1衛,0
中正區,公館台大戀戀台大,台北市中正區羅斯福路四段,10000 萬,辦公商業大樓,20.0年,建坪65.45,主+陽26.63,2/15樓,--房(室)1廳--衛,0
中正區,近捷運小資置產,台北市中正區延平南路,528 萬,辦公商業大樓,44.8年,建坪8.12,主3.18,2/15樓,--房(室)1廳--衛,0
中正區,公館站前連鎖店霸,台北市中正區羅斯福路四段,29800 萬 (含車位價),店面,22.9年,建坪58.92,主+陽41.78,1/12樓,--房(室)1廳--衛,1
中正區,東門市場金雞母,台北市中正區臨沂街,5880 萬 (含車位價),店面,29.3年,建坪30.61,主+陽20.26,1/9樓,3房(室)2廳2衛,1
中正區,宏燁文華A戶2F,台北市中正區,1728 萬,華廈,--年,建坪12.51,主+陽7.14,2/9樓,1房(室)--廳1衛,0
中正區,戀戀台大前棟景觀,台北市中正區羅斯福路四段,3780 萬,辦公商業大樓,20.0年,建坪33.34,主+陽22.85,6/15樓,2房(室)1廳1衛,0
中正區,新隆國宅稀有釋出,台北市中正區愛國東路,5966 萬,住宅大樓,40.4年,建坪45.67,主+陽30.62,3/12樓,4房(室)2廳2衛,0
中正區,東門捷運金華邊間,台北市中正區臨沂街,2500 萬,公寓,56.8年,建坪25.01,主25.01,4/4樓,4房(室)--廳4衛,0
中正區,新隆稀有上市,台北市中正區愛國東路,5738 萬,住宅大樓,40.2年,建坪42.48,主+陽28.38,11/12樓,3房(室)2廳2衛,0
中正區,宏燁文華C戶2F,台北市中正區,1475 萬,華廈,--年,建坪10.30,主+陽5.88,2/9樓,1房(室)--廳1衛,0
