物件名稱,路段,行政區_中山區,行政區_中正區,行政區_信義區,行政區_內湖區,行政區_北投區,行政區_南港區,行政區_士林區,行政區_大同區,行政區_大安區,行政區_文山區,行政區_松山區,行政區_萬華區,建坪,車位,房,廳,衛,室,有加蓋,總樓層,起始樓層,最高樓層,物件涵蓋層數,房屋類型_公寓,房屋類型_大樓,房屋類型_套房,房屋類型_華廈,房屋類型_透天
捷運吉星漂亮一 樓,溫泉路,0,0,0,0,1,0,0,0,0,0,0,0,43.0,0,1.0,1.0,1.0,1.0,0,7.0,1.0,1.0,1.0,0,1,0,0,0
承德路七段辦公,承德路七段,0,0,0,0,1,0,0,0,0,0,0,0,73.0,0,,,,,0,10.0,2.0,2.0,1.0,0,0,0,0,0
低總價捷運溫馨套房,光明路,0,0,0,0,1,0,0,0,0,0,0,0,99.0,0,1.0,1.0,1.0,1.0,0,14.0,5.0,5.0,1.0,0,0,1,0,0
稀有方正邊間低樓層,民族街,0,0,0,0,1,0,0,0,0,0,0,0,122.0,0,3.0,2.0,3.0,3.0,0,4.0,2.0,2.0,1.0,0,1,0,0,0
千佳溫泉社區美寓3樓,溫泉路銀光巷,0,0,0,0,1,0,0,0,0,0,0,0,147.0,0,3.0,2.0,2.0,3.0,0,5.0,3.0,3.0,1.0,0,1,0,0,0
中和街大坪數膝蓋救星,中和街,0,0,0,0,1,0,0,0,0,0,0,0,170.0,0,3.0,2.0,2.0,3.0,0,5.0,2.0,2.0,1.0,0,1,0,0,0
方正邊間採光三房(可隔4房),民族街,0,0,0,0,1,0,0,0,0,0,0,0,190.0,0,3.0,2.0,2.0,3.0,0,5.0,5.0,5.0,1.0,0,1,0,0,0
北投清新綠漾裝潢鼎佳大空間,溫泉路,0,0,0,0,1,0,0,0,0,0,0,0,211.0,0,4.0,3.0,2.0,4.0,0,5.0,5.0,5.0,1.0,0,1,0,0,0
北投奇岩捷運站國揚方正3樓美寓,大業路,0,0,0,0,1,0,0,0,0,0,0,0,231.0,0,3.0,2.0,2.0,3.0,0,4.0,3.0,3.0,1.0,0,1,0,0,0
清社奇岩景觀4房,崇仰一路,0,0,0,0,1,0,0,0,0,0,0,0,254.0,0,4.0,2.0,2.0,4.0,0,11.0,3.0,3.0,1.0,0,1,0,0,0
陽明山龍園庭園大戶一樓,湖山路一段,0,0,0,0,1,0,0,0,0,0,0,0,45.0,0,5.0,3.0,4.0,5.0,0,3.0,1.0,1.0,1.0,0,1,0,0,0
北投區大筆農地,竹子湖路,0,0,0,0,1,0,0,0,0,0,0,0,19.0,0,,,,,0,,,,,0,0,0,0,0
新民路溫泉鼎加美寓,新民路,0,0,0,0,1,0,0,0,0,0,0,0,94.0,0,4.0,3.0,3.0,4.0,0,5.0,5.0,5.0,1.0,0,1,0,0,0
北投公園旁景觀美寓,光明路,0,0,0,0,1,0,0,0,0,0,0,0,117.0,0,2.0,2.0,2.0,2.0,0,5.0,5.0,5.0,1.0,0,1,0,0,0
晴園電梯室內溫泉套房,幽雅路,0,0,0,0,1,0,0,0,0,0,0,0,141.0,0,1.0,1.0,1.0,1.0,0,5.0,3.0,3.0,1.0,0,0,1,0,0
開璽和碧車位,西安街二段,0,0,0,0,1,0,0,0,0,0,0,0,19.0,1,,,,,0,12.0,,,,0,0,0,0,0
貴園精典2房美廈+車位,新民路,0,0,0,0,1,0,0,0,0,0,0,0,192.0,1,2.0,3.0,1.0,2.0,0,6.0,4.0,4.0,1.0,0,1,0,0,0
薇閣電梯溫泉豪邸,泉源路,0,0,0,0,1,0,0,0,0,0,0,0,216.0,0,4.0,3.0,3.0,4.0,0,11.0,2.0,3.0,2.0,0,1,0,0,0
稀有雙橡園高樓景觀戶,珠海路,0,0,0,0,1,0,0,0,0,0,0,0,241.0,0,2.0,2.0,1.0,2.0,0,14.0,9.0,9.0,1.0,0,1,0,0,0
中和街方正邊間大兩房美寓,中和街,0,0,0,0,1,0,0,0,0,0,0,0,261.0,0,2.0,2.0,1.0,2.0,0,5.0,4.0,4.0,1.0,0,1,0,0,0
東初和風管理景觀美寓,光明路,0,0,0,0,1,0,0,0,0,0,0,0,45.0,0,4.0,2.0,2.0,4.0,0,5.0,5.0,5.0,1.0,0,1,0,0,0
新北投公園旁小套房,中山路,0,0,0,0,1,0,0,0,0,0,0,0,74.0,0,1.0,1.0,1.0,1.0,0,12.0,5.0,5.0,1.0,0,0,1,0,0
溫馨兩房.度假生活輕鬆擁有,泉源路,0,0,0,0,1,0,0,0,0,0,0,0,99.0,0,2.0,2.0,2.0,2.0,0,11.0,4.0,4.0,1.0,0,1,0,0,0
富享榮華公園1樓,榮華一路,0,0,0,0,1,0,0,0,0,0,0,0,126.0,0,5.0,3.0,2.0,5.0,0,5.0,-1.0,1.0,3.0,0,1,0,0,0
北投奇岩豪門景觀別墅,奇岩路,0,0,0,0,1,0,0,0,0,0,0,0,141.0,0,6.0,3.0,4.0,6.0,0,2.0,1.0,2.0,2.0,0,1,0,0,0
近復興崗捷運便宜美妝一樓,崗山路,0,0,0,0,1,0,0,0,0,0,0,0,174.0,0,4.0,3.0,3.0,4.0,0,5.0,,,,0,1,0,0,0
北投陽光公寓大四房,公館路,0,0,0,0,1,0,0,0,0,0,0,0,188.0,0,4.0,2.0,2.0,4.0,0,4.0,3.0,3.0,1.0,1,0,0,0,0
精美社區公寓兩房,溫泉路,0,0,0,0,1,0,0,0,0,0,0,0,217.0,0,2.0,1.0,1.0,2.0,0,5.0,5.0,5.0,1.0,1,0,0,0,0
珠海路優質美寓,珠海路,0,0,0,0,1,0,0,0,0,0,0,0,237.0,0,3.0,2.0,2.0,3.0,0,5.0,4.0,4.0,1.0,0,1,0,0,0
奇岩稀有花園大空間,奇岩路,0,0,0,0,1,0,0,0,0,0,0,0,262.0,0,4.0,2.0,3.0,4.0,0,5.0,1.0,1.0,1.0,0,1,0,0,0
北投低總價採光美宅,溫泉路,0,0,0,0,1,0,0,0,0,0,0,0,43.0,0,1.0,2.0,1.0,1.0,0,5.0,5.0,5.0,1.0,0,1,0,0,0
屋主誠售!公館路美寓,公館路,0,0,0,0,1,0,0,0,0,0,0,0,67.0,0,3.0,2.0,2.0,3.0,0,5.0,5.0,5.0,1.0,0,1,0,0,0
秀山居 透天厝,中和街,0,0,0,0,1,0,0,0,0,0,0,0,83.0,0,4.0,2.0,2.0,4.0,0,2.0,1.0,2.0,2.0,0,0,0,0,1
重劃區旁邊間方正車庫一樓,公館路,0,0,0,0,1,0,0,0,0,0,0,0,116.0,0,3.0,2.0,2.0,3.0,0,5.0,1.0,1.0,1.0,0,1,0,0,0
天母公園電梯精美大三房,中山北路七段,0,0,0,0,1,0,0,0,0,0,0,0,136.0,0,3.0,2.0,2.0,3.0,0,7.0,2.0,2.0,1.0,0,1,0,0,0
廉售-北市保護區土地,泉源段四小段,0,0,0,0,1,0,0,0,0,0,0,0,25.0,0,,,,,0,25.0,25.0,25.0,1.0,0,0,0,0,0
薇閣保誠四房美裝雙車,稻香路,0,0,0,0,1,0,0,0,0,0,0,0,174.0,0,4.0,2.0,3.0,4.0,0,5.0,4.0,4.0,1.0,0,1,0,0,0
石牌停車位,自強街,0,0,0,0,1,0,0,0,0,0,0,0,199.0,1,,,,,1,10.0,25.0,10.0,-14.0,0,0,0,0,0
明德捷運青木淳,致遠一路一段,0,0,0,0,1,0,0,0,0,0,0,0,220.0,0,1.0,2.0,1.0,1.0,0,7.0,4.0,4.0,1.0,0,0,1,0,0
新裝立即入住管理代收電梯三房,中山北路七段,0,0,0,0,1,0,0,0,0,0,0,0,136.0,0,3.0,2.0,2.0,3.0,0,7.0,2.0,2.0,1.0,0,1,0,0,0
D4獨家天母同德樹海景觀宅,同德街,0,0,0,0,1,0,0,0,0,0,0,0,45.0,0,2.0,2.0,2.0,2.0,0,5.0,4.0,4.0,1.0,0,1,0,0,0
天母公園旁邊間三房管理名宅,中山北路七段,0,0,0,0,1,0,0,0,0,0,0,0,71.0,0,3.0,2.0,2.0,3.0,0,7.0,5.0,5.0,1.0,0,1,0,0,0
文化國宅樹海景觀戶,文化三路,0,0,0,0,1,0,0,0,0,0,0,0,94.0,0,3.0,2.0,2.0,3.0,0,7.0,7.0,7.0,1.0,0,1,0,0,0
奇岩涵翠雅筑面寬金住辦店面,公館路,0,0,0,0,1,0,0,0,0,0,0,0,119.0,0,,2.0,2.0,,0,5.0,-1.0,1.0,3.0,0,0,0,0,0
復興崗1+1房+車位,稻香路,0,0,0,0,1,0,0,0,0,0,0,0,143.0,1,2.0,2.0,2.0,2.0,0,11.0,5.0,5.0,1.0,0,1,0,0,0
十泉十美邊間溫泉宅,光明路,0,0,0,0,1,0,0,0,0,0,0,0,167.0,0,1.0,1.0,1.0,1.0,0,19.0,2.0,2.0,1.0,0,1,0,0,0
IZ1北投一樓庭院大戶,新興路,0,0,0,0,1,0,0,0,0,0,0,0,190.0,0,5.0,3.0,2.0,5.0,0,5.0,1.0,1.0,1.0,0,1,0,0,0
新北投精緻裝潢景觀大樓,中山路,0,0,0,0,1,0,0,0,0,0,0,0,212.0,0,1.0,2.0,1.0,1.0,0,12.0,12.0,12.0,1.0,0,1,0,0,0
陽明山登山路持分土地,登山路,0,0,0,0,1,0,0,0,0,0,0,0,27.0,0,,,,,0,27.0,27.0,27.0,1.0,0,0,0,0,0
稀有公寓一樓,大同街,0,0,0,0,1,0,0,0,0,0,0,0,250.0,0,2.0,2.0,1.0,2.0,0,5.0,1.0,1.0,1.0,1,0,0,0,0
泉源華城3房公寓,泉源路,0,0,0,0,1,0,0,0,0,0,0,0,30.0,0,3.0,2.0,2.0,3.0,0,5.0,-1.0,-1.0,1.0,1,0,0,0,0
天母首購美裝潢三房,中山北路七段,0,0,0,0,1,0,0,0,0,0,0,0,68.0,0,3.0,2.0,2.0,3.0,0,7.0,1.0,1.0,1.0,0,1,0,0,0
天母榮總名邸一層一戶,行義路,0,0,0,0,1,0,0,0,0,0,0,0,93.0,0,4.0,3.0,2.0,4.0,0,7.0,2.0,2.0,1.0,0,1,0,0,0
復興崗約四分鐘精美一樓,中央北路三段,0,0,0,0,1,0,0,0,0,0,0,0,118.0,0,4.0,2.0,1.0,4.0,0,5.0,1.0,1.0,1.0,0,1,0,0,0
北投店面有36個機車位,民族街,0,0,0,0,1,0,0,0,0,0,0,0,143.0,1,,2.0,1.0,,0,9.0,1.0,1.0,1.0,0,0,0,0,0
雲天高樓景觀電梯三房車,溫泉路,0,0,0,0,1,0,0,0,0,0,0,0,170.0,0,3.0,2.0,1.0,3.0,0,13.0,10.0,10.0,1.0,0,1,0,0,0
天月五星級溫泉極品大樓,中山路,0,0,0,0,1,0,0,0,0,0,0,0,192.0,0,1.0,1.0,1.0,1.0,0,25.0,8.0,8.0,1.0,0,1,0,0,0
國泰區獨棟大透天別墅,中和街,0,0,0,0,1,0,0,0,0,0,0,0,218.0,0,5.0,4.0,4.0,5.0,0,3.0,-1.0,3.0,5.0,0,0,0,0,1
新北投公寓三樓,溫泉路,0,0,0,0,1,0,0,0,0,0,0,0,231.0,0,3.0,2.0,2.0,3.0,0,4.0,3.0,3.0,1.0,1,0,0,0,0
吉利街海沙都更店面,吉利街,0,0,0,0,1,0,0,0,0,0,0,0,258.0,0,2.0,2.0,2.0,2.0,0,5.0,1.0,1.0,1.0,0,1,0,0,0
行義青庭電梯三房,行義路,0,0,0,0,1,0,0,0,0,0,0,0,44.0,0,3.0,1.0,1.0,3.0,0,8.0,6.0,6.0,1.0,0,1,0,0,0
新北投山居大套房,泉源路,0,0,0,0,1,0,0,0,0,0,0,0,71.0,0,1.0,1.0,1.0,1.0,0,7.0,3.0,3.0,1.0,0,0,1,0,0
薇閣精緻景觀2房,珠海路,0,0,0,0,1,0,0,0,0,0,0,0,93.0,0,2.0,2.0,1.0,2.0,0,4.0,4.0,4.0,1.0,0,1,0,0,0
關渡北歐景觀雙車位,知行路,0,0,0,0,1,0,0,0,0,0,0,0,121.0,1,3.0,2.0,2.0,3.0,0,11.0,8.0,8.0,1.0,0,1,0,0,0
稀有公園景觀美廈！都更整合中,光明路,0,0,0,0,1,0,0,0,0,0,0,0,146.0,0,2.0,2.0,2.0,2.0,0,7.0,1.0,1.0,1.0,0,1,0,0,0
捷運景觀露臺樓中樓,大度路三段,0,0,0,0,1,0,0,0,0,0,0,0,170.0,0,4.0,3.0,3.0,4.0,0,14.0,13.0,14.0,2.0,0,1,0,0,0
明德捷運靜巷一樓,文林北路,0,0,0,0,1,0,0,0,0,0,0,0,184.0,0,3.0,1.0,1.0,3.0,0,3.0,1.0,1.0,1.0,0,1,0,0,0
上北澤露台大戶$,天母西路,0,0,0,0,1,0,0,0,0,0,0,0,216.0,0,4.0,2.0,2.0,4.0,0,11.0,2.0,2.0,1.0,0,1,0,0,0
丹鳳豪景邊間透天,公館路,0,0,0,0,1,0,0,0,0,0,0,0,239.0,0,7.0,2.0,4.0,7.0,0,4.0,-1.0,4.0,6.0,0,0,0,0,1
北投低總價環境清幽電梯2房,溫泉路,0,0,0,0,1,0,0,0,0,0,0,0,258.0,0,2.0,2.0,1.0,2.0,0,7.0,2.0,2.0,1.0,0,1,0,0,0
陽明山持分農地48,登山路,0,0,0,0,1,0,0,0,0,0,0,0,19.0,0,,,,,0,,,,,0,0,0,0,0
陽明山泉源持分農地66,登山路,0,0,0,0,1,0,0,0,0,0,0,0,19.0,0,,,,,0,,,,,0,0,0,0,0
陽明山泉源持分農地49,泉源段三小段,0,0,0,0,1,0,0,0,0,0,0,0,19.0,0,,,,,0,,,,,0,0,0,0,0
泉源健身農場,,0,0,0,0,1,0,0,0,0,0,0,0,19.0,0,,,,,0,,,,,0,0,0,0,0
陽明山持分農地329,東昇路,0,0,0,0,1,0,0,0,0,0,0,0,19.0,0,,,,,0,,,,,0,0,0,0,0
景觀公園小套房,中山路,0,0,0,0,1,0,0,0,0,0,0,0,111.0,0,1.0,1.0,1.0,1.0,0,12.0,10.0,10.0,1.0,0,0,1,0,0
捷運鄰公園方正採光大三房雅寓,雙全街,0,0,0,0,1,0,0,0,0,0,0,0,136.0,0,3.0,2.0,2.0,3.0,0,5.0,5.0,5.0,1.0,0,1,0,0,0
薇閣樹海百坪車庫別墅,復興四路,0,0,0,0,1,0,0,0,0,0,0,0,164.0,0,6.0,2.0,8.0,6.0,0,4.0,-1.0,4.0,6.0,0,1,0,0,0
捷運出口電梯五樓,中和街,0,0,0,0,1,0,0,0,0,0,0,0,188.0,0,3.0,2.0,2.0,3.0,0,8.0,5.0,5.0,1.0,0,1,0,0,0
IZ1綠意星空雙車位別墅,溫泉路,0,0,0,0,1,0,0,0,0,0,0,0,214.0,1,5.0,2.0,3.0,5.0,0,2.0,1.0,2.0,2.0,0,1,0,0,0
新北投泉源路二房,泉源路,0,0,0,0,1,0,0,0,0,0,0,0,44.0,0,2.0,2.0,1.0,2.0,0,5.0,4.0,4.0,1.0,0,1,0,0,0
捷運北投站首購養生美寓,泉源路,0,0,0,0,1,0,0,0,0,0,0,0,44.0,0,2.0,2.0,1.0,2.0,0,5.0,4.0,4.0,1.0,0,1,0,0,0
北投溫泉湯屋,溫泉路,0,0,0,0,1,0,0,0,0,0,0,0,77.0,0,2.0,2.0,1.0,2.0,0,4.0,3.0,3.0,1.0,0,1,0,0,0
榮華特區庭院一樓,榮華一路,0,0,0,0,1,0,0,0,0,0,0,0,104.0,0,4.0,3.0,4.0,4.0,0,5.0,1.0,1.0,1.0,0,1,0,0,0
陽明山十八份黃金持分地,登山路,0,0,0,0,1,0,0,0,0,0,0,0,25.0,0,,,,,0,25.0,25.0,25.0,1.0,0,0,0,0,0
鄉林玉川溫泉豪邸,溫泉路,0,0,0,0,1,0,0,0,0,0,0,0,143.0,0,,,,,0,5.0,5.0,5.0,1.0,0,1,0,0,0
鄉林玉川溫泉渡假豪邸,溫泉路,0,0,0,0,1,0,0,0,0,0,0,0,143.0,0,,,,,0,5.0,4.0,4.0,1.0,0,1,0,0,0
石牌學區捷運三房美寓,致遠一路二段,0,0,0,0,1,0,0,0,0,0,0,0,176.0,0,3.0,2.0,1.0,3.0,0,5.0,5.0,5.0,1.0,0,1,0,0,0
白宮山莊社區內土地,大屯段三小段,0,0,0,0,1,0,0,0,0,0,0,0,25.0,0,,,,,0,1.0,1.0,1.0,1.0,0,0,0,0,0
薇閣家長首選低總價邊間二房,珠海路,0,0,0,0,1,0,0,0,0,0,0,0,214.0,0,2.0,2.0,1.0,2.0,0,7.0,3.0,3.0,1.0,0,1,0,0,0
捷運公園景觀裝潢2房車位,光明路,0,0,0,0,1,0,0,0,0,0,0,0,43.0,1,2.0,2.0,2.0,2.0,0,19.0,2.0,2.0,1.0,0,1,0,0,0
台北市北投區持分農地,行義段一小段,0,0,0,0,1,0,0,0,0,0,0,0,25.0,0,,,,,0,25.0,25.0,25.0,1.0,0,0,0,0,0
山翫水美裝3房車位,三合街一段,0,0,0,0,1,0,0,0,0,0,0,0,88.0,1,3.0,2.0,2.0,3.0,0,9.0,4.0,4.0,1.0,0,1,0,0,0
北投低總價全新裝潢電梯2房,奇岩路,0,0,0,0,1,0,0,0,0,0,0,0,109.0,0,2.0,2.0,2.0,2.0,0,5.0,5.0,5.0,1.0,0,1,0,0,0
B187陽明山景觀農地,東昇路,0,0,0,0,1,0,0,0,0,0,0,0,25.0,0,,,,,0,25.0,25.0,25.0,1.0,0,0,0,0,0
花墅大器透天豪邸,翠宜路,0,0,0,0,1,0,0,0,0,0,0,0,154.0,0,8.0,4.0,7.0,8.0,0,3.0,1.0,3.0,3.0,0,0,0,0,1
北投全新裝潢電梯方正2房,溫泉路,0,0,0,0,1,0,0,0,0,0,0,0,177.0,0,2.0,1.0,1.0,2.0,0,7.0,2.0,2.0,1.0,0,1,0,0,0
北投綠意昂然大庭院美宅,新民路,0,0,0,0,1,0,0,0,0,0,0,0,198.0,0,2.0,2.0,2.0,2.0,0,7.0,1.0,1.0,1.0,0,1,0,0,0
士北科獨棟5房花園,文林北路,0,0,0,0,1,0,0,0,0,0,0,0,223.0,0,5.0,2.0,3.0,5.0,0,5.0,4.0,5.0,2.0,0,1,0,0,0
專任北投電梯3房雙車位,復興三路,0,0,0,0,1,0,0,0,0,0,0,0,243.0,1,3.0,2.0,2.0,3.0,0,5.0,3.0,3.0,1.0,0,1,0,0,0
陽明山泉源持分千坪農地,登山路,0,0,0,0,1,0,0,0,0,0,0,0,19.0,0,,,,,0,,,,,0,0,0,0,0
花顏自慢禪風御宅,奇岩路,0,0,0,0,1,0,0,0,0,0,0,0,63.0,0,1.0,1.0,2.0,1.0,0,5.0,5.0,5.0,1.0,0,1,0,0,0
東初和風面公園景觀三樓,光明路,0,0,0,0,1,0,0,0,0,0,0,0,86.0,0,2.0,2.0,1.0,2.0,0,5.0,3.0,3.0,1.0,0,1,0,0,0
B58冠德山水坡道平面車位,大度路三段,0,0,0,0,1,0,0,0,0,0,0,0,19.0,1,,,,,1,14.0,19.0,14.0,-4.0,0,0,0,0,0
北投桃源國小低價建地,桃源段二小段,0,0,0,0,1,0,0,0,0,0,0,0,19.0,0,,,,,0,,,,,0,0,0,0,0
北投區持分農地,行義段四小段,0,0,0,0,1,0,0,0,0,0,0,0,19.0,0,,,,,0,,,,,0,0,0,0,0
十六行館華廈,行義路,0,0,0,0,1,0,0,0,0,0,0,0,164.0,0,,2.0,3.0,,0,5.0,4.0,4.0,1.0,0,0,0,1,0
天母榮總振興醫院靜巷+車位獨賣,天母西路,0,0,0,0,1,0,0,0,0,0,0,0,187.0,1,4.0,2.0,2.0,4.0,0,7.0,4.0,4.0,1.0,0,1,0,0,0
家樂福一樓好停車,大屯路,0,0,0,0,1,0,0,0,0,0,0,0,199.0,0,4.0,2.0,1.0,4.0,0,3.0,1.0,1.0,1.0,0,1,0,0,0
北投靜詣美居，三房寬境好生活,大屯路,0,0,0,0,1,0,0,0,0,0,0,0,223.0,0,3.0,2.0,2.0,3.0,0,5.0,3.0,3.0,1.0,0,1,0,0,0
玉川電梯景觀華廈,泉源路,0,0,0,0,1,0,0,0,0,0,0,0,43.0,0,1.0,1.0,1.0,1.0,0,7.0,3.0,3.0,1.0,0,0,0,1,0
捷運電梯雙景觀3房車,雙全街,0,0,0,0,1,0,0,0,0,0,0,0,74.0,0,3.0,2.0,2.0,3.0,0,13.0,10.0,10.0,1.0,0,1,0,0,0
鄉林玉川總裁溫泉宅,溫泉路,0,0,0,0,1,0,0,0,0,0,0,0,97.0,0,3.0,2.0,3.0,3.0,0,5.0,3.0,3.0,1.0,0,1,0,0,0
威靈頓美式豪景帝王別墅,崇仰七路,0,0,0,0,1,0,0,0,0,0,0,0,121.0,0,5.0,2.0,3.0,5.0,0,2.0,1.0,2.0,2.0,0,1,0,0,0
復興崗捷運住二建地,中央北路三段,0,0,0,0,1,0,0,0,0,0,0,0,25.0,0,,,,,0,25.0,25.0,25.0,1.0,0,0,0,0,0
北投捷運靜巷方正美寓,大興街,0,0,0,0,1,0,0,0,0,0,0,0,164.0,0,4.0,3.0,2.0,4.0,0,4.0,4.0,4.0,1.0,0,1,0,0,0
鄉林玉川露台戶,溫泉路,0,0,0,0,1,0,0,0,0,0,0,0,184.0,0,2.0,2.0,2.0,2.0,0,5.0,2.0,2.0,1.0,0,1,0,0,0
泉之鄉溫泉美麗2房,溫泉路,0,0,0,0,1,0,0,0,0,0,0,0,202.0,0,2.0,2.0,1.0,2.0,0,7.0,2.0,2.0,1.0,0,1,0,0,0
四季青磺溫泉大樓,中山路,0,0,0,0,1,0,0,0,0,0,0,0,221.0,0,1.0,1.0,1.0,1.0,0,8.0,7.0,7.0,1.0,0,1,0,0,0
｢石牌捷運」S R C三房景觀,承德路七段,0,0,0,0,1,0,0,0,0,0,0,0,244.0,0,3.0,2.0,2.0,3.0,0,19.0,6.0,6.0,1.0,0,1,0,0,0
超級景觀雙磺湯屋,光明路,0,0,0,0,1,0,0,0,0,0,0,0,42.0,0,1.0,1.0,1.0,1.0,0,5.0,5.0,5.0,1.0,0,1,0,0,0
北投靜巷三陽開泰好宅,泉源路,0,0,0,0,1,0,0,0,0,0,0,0,67.0,0,2.0,2.0,1.0,2.0,0,5.0,4.0,4.0,1.0,0,1,0,0,0
復興崗站低總價美寓,新興路,0,0,0,0,1,0,0,0,0,0,0,0,90.0,0,5.0,3.0,2.0,5.0,0,4.0,4.0,4.0,1.0,0,1,0,0,0
HZ4北投稻香挑高四房另購車位,新興路,0,0,0,0,1,0,0,0,0,0,0,0,114.0,1,4.0,2.0,2.0,4.0,0,5.0,1.0,1.0,1.0,0,1,0,0,0
雲仙高樓精緻溫泉2+1房,光明路,0,0,0,0,1,0,0,0,0,0,0,0,136.0,0,3.0,2.0,1.0,3.0,0,10.0,10.0,10.0,1.0,0,1,0,0,0
捷運北歐豪邸四房三車位,知行路,0,0,0,0,1,0,0,0,0,0,0,0,162.0,1,4.0,2.0,3.0,4.0,0,11.0,2.0,2.0,1.0,0,1,0,0,0
陽明山溫泉權利別墅,紗帽路,0,0,0,0,1,0,0,0,0,0,0,0,27.0,0,4.0,2.0,2.0,4.0,0,1.0,1.0,1.0,1.0,0,0,0,0,0
重劃區3房挑高庭院車位可買,三合街一段,0,0,0,0,1,0,0,0,0,0,0,0,201.0,1,3.0,2.0,2.0,3.0,0,9.0,1.0,1.0,1.0,0,1,0,0,0
陽明山景花園別墅,崇仰六路,0,0,0,0,1,0,0,0,0,0,0,0,224.0,0,5.0,2.0,3.0,5.0,0,1.0,1.0,1.0,1.0,0,1,0,0,0
威靈頓古典傳奇別墅,崇仰六路,0,0,0,0,1,0,0,0,0,0,0,0,224.0,0,,2.0,3.0,,0,25.0,1.0,1.0,1.0,0,1,0,0,0
奇岩捷運站高人車流量建地,,0,0,0,0,1,0,0,0,0,0,0,0,19.0,0,,,,,0,19.0,1.0,1.0,1.0,0,0,0,0,0
新北投稀有電梯2房新屋,中和街,0,0,0,0,1,0,0,0,0,0,0,0,61.0,0,2.0,2.0,1.0,2.0,0,5.0,5.0,5.0,1.0,0,1,0,0,0
地標吾悠超級景觀大戶,光明路,0,0,0,0,1,0,0,0,0,0,0,0,88.0,0,3.0,2.0,2.0,3.0,0,27.0,26.0,26.0,1.0,0,1,0,0,0
雙享時代薇閣精選,永興路二段,0,0,0,0,1,0,0,0,0,0,0,0,113.0,0,2.0,1.0,1.0,2.0,0,8.0,5.0,5.0,1.0,0,1,0,0,0
石牌雙捷運極美電梯四房＋雙車位,懷德街,0,0,0,0,1,0,0,0,0,0,0,0,139.0,1,4.0,2.0,2.0,4.0,0,12.0,6.0,6.0,1.0,0,1,0,0,0
昇陽明公園景觀四房車,光明路,0,0,0,0,1,0,0,0,0,0,0,0,159.0,0,4.0,2.0,2.0,4.0,0,14.0,5.0,5.0,1.0,0,1,0,0,0
小資族景觀低公設電梯新屋,中和街,0,0,0,0,1,0,0,0,0,0,0,0,173.0,0,1.0,1.0,1.0,1.0,0,5.0,5.0,5.0,1.0,0,1,0,0,0
藍田陞玉頂級豪邸,文林北路,0,0,0,0,1,0,0,0,0,0,0,0,191.0,0,2.0,2.0,3.0,2.0,0,25.0,17.0,17.0,1.0,0,1,0,0,0
石牌捷運4房車位,石牌路一段,0,0,0,0,1,0,0,0,0,0,0,0,213.0,1,2.0,2.0,2.0,2.0,0,7.0,6.0,6.0,1.0,0,1,0,0,0
美虹園電梯景觀套房,奇岩路,0,0,0,0,1,0,0,0,0,0,0,0,234.0,0,1.0,1.0,1.0,1.0,0,5.0,3.0,3.0,1.0,0,0,1,0,0
淩宵小資屋,中山路,0,0,0,0,1,0,0,0,0,0,0,0,43.0,0,1.0,,1.0,1.0,0,12.0,2.0,2.0,1.0,0,0,1,0,0
馬槽橋雙源水萬坪土地,竹子湖路,0,0,0,0,1,0,0,0,0,0,0,0,25.0,0,,,,,0,25.0,25.0,25.0,1.0,0,0,0,0,0
F10北投溫泉大空間美景宅,新民路,0,0,0,0,1,0,0,0,0,0,0,0,91.0,0,4.0,3.0,3.0,4.0,0,5.0,5.0,5.0,1.0,0,1,0,0,0
北投捷運二樓,大業路,0,0,0,0,1,0,0,0,0,0,0,0,113.0,0,2.0,2.0,2.0,2.0,0,5.0,2.0,2.0,1.0,0,1,0,0,0
近公園捷運邊間方正2樓,公館路,0,0,0,0,1,0,0,0,0,0,0,0,136.0,0,3.0,2.0,2.0,3.0,0,5.0,2.0,2.0,1.0,0,1,0,0,0
北投珠海路精華建地,新民段三小段,0,0,0,0,1,0,0,0,0,0,0,0,25.0,0,,,,,0,0.0,0.0,0.0,1.0,0,0,0,0,0
竹子湖咖啡休閒農地,竹子湖路,0,0,0,0,1,0,0,0,0,0,0,0,25.0,0,,,,,0,25.0,25.0,25.0,1.0,0,0,0,0,0
石牌公園方正美寓,吉利街,0,0,0,0,1,0,0,0,0,0,0,0,188.0,0,3.0,2.0,1.0,3.0,0,4.0,4.0,4.0,1.0,0,1,0,0,0
近捷運北士科生活機能佳,致遠一路一段,0,0,0,0,1,0,0,0,0,0,0,0,212.0,0,4.0,3.0,2.0,4.0,0,5.0,5.0,5.0,1.0,0,1,0,0,0
天母杏林極品裝潢樓中樓,石牌路二段,0,0,0,0,1,0,0,0,0,0,0,0,236.0,0,4.0,3.0,2.0,4.0,0,9.0,8.0,9.0,2.0,0,1,0,0,0
北士科明德敦品文林電梯三房車位,文林北路,0,0,0,0,1,0,0,0,0,0,0,0,46.0,1,3.0,2.0,2.0,3.0,0,14.0,2.0,2.0,1.0,0,1,0,0,0
捷運景觀精緻裝潢名人居,新民路,0,0,0,0,1,0,0,0,0,0,0,0,73.0,0,1.0,1.0,1.0,1.0,0,5.0,2.0,2.0,1.0,0,1,0,0,0
石牌學區黃金3F,石牌路一段,0,0,0,0,1,0,0,0,0,0,0,0,99.0,0,3.0,2.0,1.0,3.0,0,4.0,3.0,3.0,1.0,0,1,0,0,0
山景大3+1房 +3車位,大業路,0,0,0,0,1,0,0,0,0,0,0,0,123.0,1,3.0,2.0,2.0,3.0,0,14.0,6.0,6.0,1.0,0,1,0,0,0
北投雲天溫泉行館美套房,溫泉路,0,0,0,0,1,0,0,0,0,0,0,0,146.0,0,1.0,,1.0,1.0,0,13.0,6.0,6.0,1.0,0,0,1,0,0
石牌愛馬屋車位,自強街,0,0,0,0,1,0,0,0,0,0,0,0,27.0,1,,,,,1,10.0,27.0,10.0,-16.0,0,0,0,0,0
小家庭最愛低公設2房露臺戶,中和街,0,0,0,0,1,0,0,0,0,0,0,0,188.0,0,2.0,2.0,1.0,2.0,0,5.0,2.0,2.0,1.0,0,1,0,0,0
小家庭最愛低公設2房,中和街,0,0,0,0,1,0,0,0,0,0,0,0,188.0,0,2.0,2.0,1.0,2.0,0,5.0,5.0,5.0,1.0,0,1,0,0,0
石牌十方榕園豪邸,明德路,0,0,0,0,1,0,0,0,0,0,0,0,221.0,0,5.0,2.0,3.0,5.0,0,14.0,1.0,3.0,3.0,0,1,0,0,0
復興崗站旁邊間店面,中央北路三段,0,0,0,0,1,0,0,0,0,0,0,0,242.0,0,1.0,1.0,1.0,1.0,0,14.0,1.0,1.0,1.0,0,0,0,0,0
國泰透天稀有釋出,中和街,0,0,0,0,1,0,0,0,0,0,0,0,31.0,0,5.0,2.0,3.0,5.0,0,2.0,1.0,2.0,2.0,0,0,0,0,1
北市一樓魔術大空間店辦,公館路,0,0,0,0,1,0,0,0,0,0,0,0,72.0,0,3.0,2.0,1.0,3.0,0,5.0,1.0,1.0,1.0,0,1,0,0,0
榮華特區貴族車位小宅,榮華一路,0,0,0,0,1,0,0,0,0,0,0,0,99.0,1,1.0,,1.0,1.0,0,5.0,3.0,3.0,1.0,0,1,0,0,0
近北士科八仙段農地,承德路七段,0,0,0,0,1,0,0,0,0,0,0,0,25.0,0,,,,,0,25.0,25.0,25.0,1.0,0,0,0,0,0
明德全新景觀宅$,明德路,0,0,0,0,1,0,0,0,0,0,0,0,140.0,0,,,,,0,14.0,7.0,7.0,1.0,0,1,0,0,0
明德捷運三房新廈,致遠一路一段,0,0,0,0,1,0,0,0,0,0,0,0,162.0,0,2.0,2.0,1.0,2.0,0,8.0,8.0,8.0,1.0,0,1,0,0,0
I6北投站｜大土地潛力宅,育仁路,0,0,0,0,1,0,0,0,0,0,0,0,185.0,0,3.0,1.0,2.0,3.0,0,1.0,1.0,1.0,1.0,0,1,0,0,0
竹子湖有路休閒農地,竹子湖路,0,0,0,0,1,0,0,0,0,0,0,0,25.0,0,,,,,0,25.0,25.0,25.0,1.0,0,0,0,0,0
薇閣別墅用地,翠宜路,0,0,0,0,1,0,0,0,0,0,0,0,25.0,0,,,,,0,25.0,25.0,25.0,1.0,0,0,0,0,0
奇岩花沺藏庭院戶,三合街一段,0,0,0,0,1,0,0,0,0,0,0,0,239.0,0,4.0,2.0,3.0,4.0,0,7.0,1.0,1.0,1.0,0,1,0,0,0
北投銀光巷高質感會所,溫泉路銀光巷,0,0,0,0,1,0,0,0,0,0,0,0,25.0,0,,,,,0,25.0,25.0,25.0,1.0,0,0,0,0,0
天母國小一層一戶大空間美廈,行義路,0,0,0,0,1,0,0,0,0,0,0,0,63.0,0,6.0,2.0,2.0,6.0,0,7.0,7.0,7.0,1.0,0,1,0,0,0
新潤和峰高樓大景,磺港路,0,0,0,0,1,0,0,0,0,0,0,0,91.0,0,4.0,2.0,3.0,4.0,0,14.0,12.0,12.0,1.0,0,1,0,0,0
極稀有天母富邦,天母西路,0,0,0,0,1,0,0,0,0,0,0,0,112.0,0,,2.0,3.0,,0,12.0,9.0,9.0,1.0,0,1,0,0,0
關渡宮三角窗透天金店,大度路三段,0,0,0,0,1,0,0,0,0,0,0,0,25.0,0,,,,,0,2.0,1.0,2.0,2.0,0,0,0,0,1
新北投捷運住3土地,秀山段二小段,0,0,0,0,1,0,0,0,0,0,0,0,25.0,0,,,,,0,25.0,25.0,25.0,1.0,0,0,0,0,0
B325石牌捷運旁坡平車位,石牌路一段,0,0,0,0,1,0,0,0,0,0,0,0,25.0,1,,,,,1,9.0,25.0,9.0,-15.0,0,0,0,0,0
北投稀缺土地,秀山段三小段,0,0,0,0,1,0,0,0,0,0,0,0,25.0,0,,,,,0,0.0,0.0,0.0,1.0,0,0,0,0,0
復興市場透天店面,中和街,0,0,0,0,1,0,0,0,0,0,0,0,193.0,0,3.0,3.0,2.0,3.0,0,2.0,1.0,2.0,2.0,0,0,0,0,1
近捷運公園1樓庭院，土地大,尊賢街,0,0,0,0,1,0,0,0,0,0,0,0,217.0,0,3.0,2.0,1.0,3.0,0,4.0,1.0,1.0,1.0,0,1,0,0,0
國泰三角窗大土地‧大庭院透天,中和街,0,0,0,0,1,0,0,0,0,0,0,0,44.0,0,4.0,2.0,2.0,4.0,0,2.0,1.0,2.0,2.0,0,0,0,0,1
新北投首購寓上好宅,中和街,0,0,0,0,1,0,0,0,0,0,0,0,70.0,0,3.0,2.0,2.0,3.0,0,5.0,2.0,2.0,1.0,0,1,0,0,0
黃金三樓明亮美寓,杏林二路,0,0,0,0,1,0,0,0,0,0,0,0,92.0,0,3.0,2.0,2.0,3.0,0,5.0,3.0,3.0,1.0,0,1,0,0,0
陽明山河明亮樓中樓四房車,公館路,0,0,0,0,1,0,0,0,0,0,0,0,117.0,0,4.0,3.0,3.0,4.0,1,4.0,5.0,4.0,0.0,0,1,0,0,0
北投凌霄便宜套房,中山路,0,0,0,0,1,0,0,0,0,0,0,0,139.0,0,1.0,1.0,1.0,1.0,0,12.0,12.0,12.0,1.0,0,0,1,0,0
陽明峰匯釋有專任,中央北路四段,0,0,0,0,1,0,0,0,0,0,0,0,163.0,0,2.0,1.0,1.0,2.0,0,14.0,2.0,2.0,1.0,0,1,0,0,0
近捷運美妝陽明峰匯,中央北路四段,0,0,0,0,1,0,0,0,0,0,0,0,182.0,0,3.0,2.0,2.0,3.0,0,12.0,5.0,5.0,1.0,0,0,0,0,0
捷運御之泉挑高2房+車位,中和街,0,0,0,0,1,0,0,0,0,0,0,0,203.0,1,2.0,2.0,1.0,2.0,0,13.0,5.0,5.0,1.0,0,0,0,0,0
低總價溫泉小天地,溫泉路,0,0,0,0,1,0,0,0,0,0,0,0,228.0,0,1.0,,1.0,1.0,0,7.0,,,,0,1,0,0,0
B329石牌國中採光2樓美寓,行義路,0,0,0,0,1,0,0,0,0,0,0,0,249.0,0,3.0,2.0,2.0,3.0,0,5.0,2.0,2.0,1.0,0,1,0,0,0
關渡河岸5房福氣宅採光佳,大度路三段,0,0,0,0,1,0,0,0,0,0,0,0,45.0,0,3.0,2.0,2.0,3.0,0,5.0,5.0,5.0,1.0,0,1,0,0,0
新北投景觀美裝,泉源路,0,0,0,0,1,0,0,0,0,0,0,0,74.0,0,2.0,1.0,1.0,2.0,0,7.0,6.0,6.0,1.0,0,1,0,0,0
關渡水京低總價兩房車,知行路,0,0,0,0,1,0,0,0,0,0,0,0,97.0,0,2.0,1.0,1.0,2.0,0,11.0,6.0,6.0,1.0,0,1,0,0,0
清江國小四房一樓,,0,0,0,0,1,0,0,0,0,0,0,0,112.0,0,4.0,2.0,2.0,4.0,0,4.0,1.0,1.0,1.0,0,1,0,0,0
關渡捷運3房美寓,知行路,0,0,0,0,1,0,0,0,0,0,0,0,142.0,0,3.0,2.0,1.0,3.0,0,5.0,5.0,5.0,1.0,0,1,0,0,0
大自然世界庭院1樓,行義路,0,0,0,0,1,0,0,0,0,0,0,0,163.0,0,6.0,2.0,3.0,6.0,0,7.0,1.0,1.0,1.0,0,1,0,0,0
近捷運電梯方正邊間三房車,中央北路三段,0,0,0,0,1,0,0,0,0,0,0,0,184.0,0,3.0,2.0,2.0,3.0,0,7.0,3.0,3.0,1.0,0,1,0,0,0
B334明德景觀樓中樓雙車,明德路,0,0,0,0,1,0,0,0,0,0,0,0,208.0,0,5.0,3.0,3.0,5.0,0,7.0,7.0,7.0,1.0,0,1,0,0,0
新北投溫泉湯屋雅寓,溫泉路,0,0,0,0,1,0,0,0,0,0,0,0,220.0,0,2.0,2.0,1.0,2.0,0,4.0,3.0,3.0,1.0,0,1,0,0,0
專‧奇岩全新景觀2房車,公 路,0,0,0,0,1,0,0,0,0,0,0,0,244.0,0,2.0,2.0,1.0,2.0,0,11.0,11.0,11.0,1.0,0,1,0,0,0
石牌學區邊間三房,吉利街,0,0,0,0,1,0,0,0,0,0,0,0,44.0,0,3.0,2.0,2.0,3.0,0,5.0,4.0,4.0,1.0,0,1,0,0,0
陽明山&天母公園景觀邊間三房車,中山北路七段,0,0,0,0,1,0,0,0,0,0,0,0,68.0,0,3.0,2.0,2.0,3.0,0,7.0,2.0,2.0,1.0,0,1,0,0,0
關渡十五望族水岸別墅,聖景路,0,0,0,0,1,0,0,0,0,0,0,0,92.0,0,4.0,2.0,4.0,4.0,0,2.0,1.0,2.0,2.0,0,1,0,0,0
北投書香三合一·雙車位,新民路,0,0,0,0,1,0,0,0,0,0,0,0,117.0,1,6.0,4.0,3.0,6.0,0,7.0,1.0,2.0,2.0,0,0,0,0,0
關渡自然公園旁美寓,大度路三段,0,0,0,0,1,0,0,0,0,0,0,0,143.0,0,5.0,3.0,3.0,5.0,0,5.0,5.0,5.0,1.0,0,1,0,0,0
立農公園採光綠景宅,承德路七段,0,0,0,0,1,0,0,0,0,0,0,0,164.0,0,3.0,2.0,2.0,3.0,0,5.0,5.0,5.0,1.0,0,1,0,0,0
文化學區稀有低樓層一樓,中和街,0,0,0,0,1,0,0,0,0,0,0,0,185.0,0,3.0,2.0,2.0,3.0,0,5.0,1.0,1.0,1.0,0,1,0,0,0
北投登山路土地,登山路,0,0,0,0,1,0,0,0,0,0,0,0,25.0,0,,,,,0,25.0,25.0,25.0,1.0,0,0,0,0,0
士北科都更首豪華廈,承德路七段,0,0,0,0,1,0,0,0,0,0,0,0,225.0,0,3.0,2.0,1.0,3.0,0,10.0,3.0,3.0,1.0,0,0,0,1,0
新北投溫泉大套房,溫泉路,0,0,0,0,1,0,0,0,0,0,0,0,246.0,0,1.0,1.0,1.0,1.0,0,5.0,5.0,5.0,1.0,0,0,1,0,0
森原六六美妝套房,公館路,0,0,0,0,1,0,0,0,0,0,0,0,43.0,0,1.0,1.0,1.0,1.0,0,5.0,1.0,1.0,1.0,0,0,1,0,0
捷運悅園樓中樓豪邸,泉源路,0,0,0,0,1,0,0,0,0,0,0,0,78.0,0,5.0,2.0,3.0,5.0,0,12.0,11.0,12.0,2.0,0,1,0,0,0
明德捷運鼎加,懷德街,0,0,0,0,1,0,0,0,0,0,0,0,94.0,0,6.0,3.0,3.0,6.0,0,4.0,4.0,4.0,1.0,0,1,0,0,0
振興榮總黃金店面,天母西路,0,0,0,0,1,0,0,0,0,0,0,0,128.0,0,,,,,0,14.0,1.0,1.0,1.0,0,0,0,0,0
石牌站旁微型商辦,西安街一段,0,0,0,0,1,0,0,0,0,0,0,0,150.0,0,,1.0,1.0,,0,6.0,4.0,4.0,1.0,0,0,0,0,0
薇閣御泉時尚兩房美湯,中和街,0,0,0,0,1,0,0,0,0,0,0,0,173.0,0,1.0,1.0,1.0,1.0,0,13.0,6.0,6.0,1.0,0,1,0,0,0
大同街稀有透天店面,大同街,0,0,0,0,1,0,0,0,0,0,0,0,188.0,0,4.0,4.0,3.0,4.0,0,2.0,1.0,2.0,2.0,0,0,0,0,1
中和街低總價首選公寓,中和街,0,0,0,0,1,0,0,0,0,0,0,0,218.0,0,3.0,2.0,1.0,3.0,0,5.0,5.0,5.0,1.0,1,0,0,0,0
P028獨家奇岩站旁靜巷美寓,中央南路二段,0,0,0,0,1,0,0,0,0,0,0,0,238.0,0,3.0,2.0,2.0,3.0,0,5.0,4.0,4.0,1.0,0,1,0,0,0
北投樹海景觀戶4房美寓,稻香路,0,0,0,0,1,0,0,0,0,0,0,0,260.0,0,4.0,2.0,5.0,4.0,0,4.0,4.0,4.0,1.0,0,1,0,0,0
北投區奇岩段道路用地,奇岩段三小段,0,0,0,0,1,0,0,0,0,0,0,0,19.0,0,,,,,0,,,,,0,0,0,0,0
築尚精美電梯二房,知行路,0,0,0,0,1,0,0,0,0,0,0,0,65.0,0,4.0,2.0,1.0,4.0,0,10.0,6.0,6.0,1.0,0,1,0,0,0
關渡知行大戶樓中樓,知行路,0,0,0,0,1,0,0,0,0,0,0,0,91.0,0,3.0,2.0,2.0,3.0,0,5.0,4.0,5.0,2.0,0,1,0,0,0
捷運公園套房,中和街,0,0,0,0,1,0,0,0,0,0,0,0,118.0,0,,,,,0,8.0,8.0,8.0,1.0,0,0,1,0,0
獨家稀有邊間頂佳首購成家,中和街,0,0,0,0,1,0,0,0,0,0,0,0,142.0,0,6.0,4.0,3.0,6.0,0,5.0,5.0,5.0,1.0,0,1,0,0,0
*天母景觀低總價美譽,天母西路,0,0,0,0,1,0,0,0,0,0,0,0,163.0,0,3.0,2.0,2.0,3.0,0,5.0,5.0,5.0,1.0,0,1,0,0,0
公園綠地優質學區電梯管理三房,中山北路七段,0,0,0,0,1,0,0,0,0,0,0,0,184.0,0,3.0,2.0,2.0,3.0,0,7.0,3.0,3.0,1.0,0,1,0,0,0
1200萬高CP宅,大屯路,0,0,0,0,1,0,0,0,0,0,0,0,198.0,0,2.0,2.0,2.0,2.0,0,3.0,2.0,2.0,1.0,0,1,0,0,0
復興高中旁美一樓,大屯路,0,0,0,0,1,0,0,0,0,0,0,0,216.0,0,3.0,2.0,2.0,3.0,0,3.0,1.0,1.0,1.0,0,1,0,0,0
雅典方正套房,中山路,0,0,0,0,1,0,0,0,0,0,0,0,239.0,0,1.0,1.0,1.0,1.0,0,7.0,2.0,2.0,1.0,0,0,1,0,0
復興高中獨棟庭院(可租),大屯路,0,0,0,0,1,0,0,0,0,0,0,0,48.0,0,7.0,4.0,5.0,7.0,0,3.0,,,,0,1,0,0,0
P027新天鵝堡三房高樓美景,崗山路,0,0,0,0,1,0,0,0,0,0,0,0,77.0,0,3.0,2.0,2.0,3.0,0,12.0,8.0,8.0,1.0,0,1,0,0,0
B332北投慶龍門三房電梯平車,大屯路,0,0,0,0,1,0,0,0,0,0,0,0,104.0,0,3.0,2.0,1.0,3.0,0,5.0,4.0,4.0,1.0,0,1,0,0,0
陽明峰匯二樓關渡捷運站,中央北路四段,0,0,0,0,1,0,0,0,0,0,0,0,129.0,0,,,1.0,,0,14.0,2.0,2.0,1.0,0,0,0,0,0
*北投中和街精選美寓,中和街,0,0,0,0,1,0,0,0,0,0,0,0,154.0,0,5.0,4.0,3.0,5.0,0,4.0,4.0,4.0,1.0,0,1,0,0,0
開價2字頭只此這間喜歡可談,泉源路,0,0,0,0,1,0,0,0,0,0,0,0,170.0,0,6.0,2.0,4.0,6.0,0,5.0,-1.0,-1.0,1.0,0,1,0,0,0
美麗富玉3房平車有露臺,溫泉路,0,0,0,0,1,0,0,0,0,0,0,0,197.0,0,3.0,2.0,2.0,3.0,0,11.0,2.0,2.0,1.0,0,1,0,0,0
美裝新廈三房車,新民路,0,0,0,0,1,0,0,0,0,0,0,0,218.0,0,3.0,2.0,2.0,3.0,0,7.0,4.0,4.0,1.0,0,1,0,0,0
490AH關渡國中方正美寓,知行路,0,0,0,0,1,0,0,0,0,0,0,0,242.0,0,2.0,2.0,1.0,2.0,0,5.0,5.0,5.0,1.0,0,1,0,0,0
文化國小學區鼎加,大屯路,0,0,0,0,1,0,0,0,0,0,0,0,256.0,0,4.0,2.0,4.0,4.0,0,3.0,3.0,3.0,1.0,0,1,0,0,0
北投低總價2房,溫泉路,0,0,0,0,1,0,0,0,0,0,0,0,43.0,0,2.0,1.0,1.0,2.0,0,7.0,7.0,7.0,1.0,0,1,0,0,0
低總價大土地石牌公寓,承德路七段,0,0,0,0,1,0,0,0,0,0,0,0,71.0,0,4.0,2.0,1.0,4.0,0,4.0,4.0,4.0,1.0,1,0,0,0,0
保誠一靚綠景四房雙車位,稻香路,0,0,0,0,1,0,0,0,0,0,0,0,96.0,1,4.0,2.0,3.0,4.0,0,5.0,3.0,3.0,1.0,0,1,0,0,0
復興崗持分土地,桃源段二小段,0,0,0,0,1,0,0,0,0,0,0,0,25.0,0,,,,,0,25.0,25.0,25.0,1.0,0,0,0,0,0
翠宜精品雙車美墅,翠宜路,0,0,0,0,1,0,0,0,0,0,0,0,139.0,0,4.0,3.0,5.0,4.0,0,3.0,-1.0,3.0,5.0,0,1,0,0,0
北士科電梯美屋,文林北路,0,0,0,0,1,0,0,0,0,0,0,0,163.0,0,7.0,2.0,2.0,7.0,0,5.0,4.0,4.0,1.0,0,1,0,0,0
石牌捷運收租金雞母,西安街一段,0,0,0,0,1,0,0,0,0,0,0,0,175.0,0,3.0,,3.0,3.0,0,4.0,3.0,3.0,1.0,0,1,0,0,0
薇閣日式禪風庭院,宜山路,0,0,0,0,1,0,0,0,0,0,0,0,194.0,0,9.0,2.0,3.0,9.0,0,1.0,1.0,1.0,1.0,0,1,0,0,0
*忠義站店面,中央北路四段,0,0,0,0,1,0,0,0,0,0,0,0,225.0,0,,,1.0,,0,5.0,1.0,1.0,1.0,0,0,0,0,0
北投新興路亮麗公寓三樓強銷釋出,新興路,0,0,0,0,1,0,0,0,0,0,0,0,249.0,0,3.0,2.0,2.0,3.0,0,4.0,3.0,3.0,1.0,1,0,0,0,0
山景邊間採光美寓,新民路,0,0,0,0,1,0,0,0,0,0,0,0,46.0,0,4.0,3.0,5.0,4.0,0,5.0,5.0,5.0,1.0,0,1,0,0,0
尊賢街稀有釋出二樓,尊賢街,0,0,0,0,1,0,0,0,0,0,0,0,75.0,0,3.0,2.0,1.0,3.0,0,4.0,2.0,2.0,1.0,0,1,0,0,0
新北投書香小苑1+2樓,新民路,0,0,0,0,1,0,0,0,0,0,0,0,101.0,0,5.0,3.0,3.0,5.0,0,7.0,1.0,2.0,2.0,0,1,0,0,0
北投綠景亮麗兩房,溫泉路,0,0,0,0,1,0,0,0,0,0,0,0,122.0,0,2.0,1.0,1.0,2.0,0,5.0,4.0,4.0,1.0,0,1,0,0,0
北投美妝庭院2房,新民路,0,0,0,0,1,0,0,0,0,0,0,0,145.0,0,2.0,1.0,1.0,2.0,0,5.0,1.0,1.0,1.0,0,1,0,0,0
復興崗稻香園,新興路,0,0,0,0,1,0,0,0,0,0,0,0,164.0,0,4.0,2.0,2.0,4.0,0,5.0,1.0,1.0,1.0,0,1,0,0,0
稀有一樓可做2+1房門前好停車,中和街,0,0,0,0,1,0,0,0,0,0,0,0,183.0,0,3.0,1.0,2.0,3.0,0,5.0,1.0,1.0,1.0,0,1,0,0,0
新北投透天別墅可停4台車,復興四路,0,0,0,0,1,0,0,0,0,0,0,0,207.0,0,5.0,5.0,6.0,5.0,0,4.0,1.0,4.0,4.0,0,0,0,0,1
B327陽大方正大空間美寓,立農街二段,0,0,0,0,1,0,0,0,0,0,0,0,232.0,0,6.0,2.0,3.0,6.0,0,5.0,5.0,5.0,1.0,0,1,0,0,0
復興崗稻香園,新興路,0,0,0,0,1,0,0,0,0,0,0,0,246.0,0,4.0,2.0,2.0,4.0,0,5.0,1.0,1.0,1.0,0,1,0,0,0
新北投溫泉養生宅,溫泉路,0,0,0,0,1,0,0,0,0,0,0,0,43.0,0,2.0,2.0,1.0,2.0,0,4.0,3.0,3.0,1.0,0,1,0,0,0
超大邊間車庫1F,行義路,0,0,0,0,1,0,0,0,0,0,0,0,77.0,0,4.0,5.0,3.0,4.0,0,7.0,1.0,1.0,1.0,0,0,0,0,0
北投民族街收租美寓,民族街,0,0,0,0,1,0,0,0,0,0,0,0,102.0,0,6.0,1.0,2.0,6.0,0,5.0,5.0,5.0,1.0,0,1,0,0,0
B04士北科景觀辦公樓中樓,承德路七段,0,0,0,0,1,0,0,0,0,0,0,0,129.0,0,,2.0,,,0,10.0,7.0,7.0,1.0,0,0,0,0,0
石牌持份道路用地,文林段五小段,0,0,0,0,1,0,0,0,0,0,0,0,19.0,0,,,,,0,0.0,0.0,0.0,1.0,0,0,0,0,0
新北投捷運大露台-三房+車位,溫泉路,0,0,0,0,1,0,0,0,0,0,0,0,173.0,1,3.0,2.0,2.0,3.0,0,10.0,2.0,2.0,1.0,0,1,0,0,0
近北士科持份道路用地,文林段五小段,0,0,0,0,1,0,0,0,0,0,0,0,19.0,0,,,,,0,0.0,0.0,0.0,1.0,0,0,0,0,0
自強街持份道路用地,文林段五小段,0,0,0,0,1,0,0,0,0,0,0,0,19.0,0,,,,,0,0.0,0.0,0.0,1.0,0,0,0,0,0
泉源獨棟透天,泉源路,0,0,0,0,1,0,0,0,0,0,0,0,207.0,0,8.0,4.0,2.0,8.0,0,1.0,1.0,1.0,1.0,0,0,0,0,1
北投捷運都更夢想透天,福志路,0,0,0,0,1,0,0,0,0,0,0,0,232.0,0,1.0,1.0,2.0,1.0,0,2.0,1.0,2.0,2.0,0,0,0,0,1
出價談👍北士科 石牌大空間,石牌路一段,0,0,0,0,1,0,0,0,0,0,0,0,46.0,0,4.0,2.0,3.0,4.0,0,7.0,7.0,7.0,1.0,0,1,0,0,0
鳥語花香!北投必看透天,中和街,0,0,0,0,1,0,0,0,0,0,0,0,63.0,0,4.0,3.0,2.0,4.0,0,2.0,1.0,2.0,2.0,0,0,0,0,1
B330北投知行愛家美寓,知行路,0,0,0,0,1,0,0,0,0,0,0,0,101.0,0,3.0,3.0,2.0,3.0,0,5.0,5.0,5.0,1.0,0,1,0,0,0
四季青磺溫泉大樓,中山路,0,0,0,0,1,0,0,0,0,0,0,0,127.0,0,1.0,1.0,1.0,1.0,0,8.0,7.0,7.0,1.0,0,1,0,0,0
興盛【雲天】高樓兩房坡平車位,溫泉路,0,0,0,0,1,0,0,0,0,0,0,0,156.0,1,2.0,1.0,2.0,2.0,0,13.0,10.0,10.0,1.0,0,1,0,0,0
鄉林玉川總裁養生宅,溫泉路,0,0,0,0,1,0,0,0,0,0,0,0,178.0,0,3.0,2.0,2.0,3.0,0,5.0,2.0,2.0,1.0,0,1,0,0,0
極上之湯 新北投溫泉屋(車),光明路,0,0,0,0,1,0,0,0,0,0,0,0,201.0,0,1.0,1.0,1.0,1.0,0,14.0,4.0,4.0,1.0,0,0,0,0,0
威靈頓景觀庭院豪邸,崇仰一路,0,0,0,0,1,0,0,0,0,0,0,0,222.0,0,6.0,5.0,5.0,6.0,0,2.0,-2.0,2.0,5.0,0,1,0,0,0
新北投靜巷壹樓,中和街,0,0,0,0,1,0,0,0,0,0,0,0,242.0,0,3.0,2.0,2.0,3.0,0,3.0,1.0,1.0,1.0,0,1,0,0,0
陽明峰匯二房景觀戶,中央北路四段,0,0,0,0,1,0,0,0,0,0,0,0,263.0,0,,2.0,1.0,,0,12.0,10.0,10.0,1.0,0,0,0,0,0
A73都更宅-承德路七段好寓,百齡五路,0,0,0,0,1,0,0,0,0,0,0,0,30.0,0,3.0,2.0,2.0,3.0,0,4.0,3.0,3.0,1.0,0,1,0,0,0
北投文化方正透天,中和街,0,0,0,0,1,0,0,0,0,0,0,0,59.0,0,5.0,2.0,5.0,5.0,0,2.0,1.0,2.0,2.0,0,0,0,0,1
全新尚和淳3房車,公館路,0,0,0,0,1,0,0,0,0,0,0,0,97.0,0,3.0,1.0,2.0,3.0,0,11.0,8.0,8.0,1.0,0,1,0,0,0
北投秀山段保護區土地,,0,0,0,0,1,0,0,0,0,0,0,0,25.0,0,,,,,0,25.0,25.0,25.0,1.0,0,0,0,0,0
好便宜無障礙一樓三房退休宅,中和街,0,0,0,0,1,0,0,0,0,0,0,0,137.0,0,3.0,2.0,1.0,3.0,0,4.0,1.0,1.0,1.0,0,1,0,0,0
奇岩三房將軍戶綠景宅,公館路,0,0,0,0,1,0,0,0,0,0,0,0,163.0,0,4.0,3.0,2.0,4.0,0,5.0,5.0,5.0,1.0,0,1,0,0,0
石牌大土地邊間四樓,承德路七段,0,0,0,0,1,0,0,0,0,0,0,0,186.0,0,4.0,2.0,1.0,4.0,0,4.0,4.0,4.0,1.0,0,1,0,0,0
復興公園低總價公寓,復興一路,0,0,0,0,1,0,0,0,0,0,0,0,200.0,0,6.0,2.0,2.0,6.0,0,3.0,3.0,3.0,1.0,1,0,0,0,0
行情價捷運綠景電梯3房車位,崗山路,0,0,0,0,1,0,0,0,0,0,0,0,231.0,1,3.0,2.0,2.0,3.0,0,7.0,3.0,3.0,1.0,0,1,0,0,0
北投市區正路邊農地,大屯段二小段,0,0,0,0,1,0,0,0,0,0,0,0,25.0,0,,,,,0,25.0,1.0,1.0,1.0,0,0,0,0,0
新民路美寓鼎佳,新民路,0,0,0,0,1,0,0,0,0,0,0,0,45.0,0,3.0,2.0,2.0,3.0,0,5.0,5.0,5.0,1.0,0,1,0,0,0
B272捷運薇閣獨戶3房+車,中央北路一段,0,0,0,0,1,0,0,0,0,0,0,0,71.0,0,3.0,2.0,2.0,3.0,0,5.0,5.0,5.0,1.0,0,1,0,0,0
富域景觀四房車,大興街,0,0,0,0,1,0,0,0,0,0,0,0,98.0,0,4.0,2.0,3.0,4.0,0,21.0,17.0,17.0,1.0,0,1,0,0,0
天母石牌置產美廈,石牌路二段,0,0,0,0,1,0,0,0,0,0,0,0,121.0,0,1.0,1.0,1.0,1.0,0,7.0,-1.0,-1.0,1.0,0,0,0,0,0
北投宏普別墅傳奇,長壽路,0,0,0,0,1,0,0,0,0,0,0,0,145.0,0,2.0,2.0,1.0,2.0,0,8.0,3.0,3.0,1.0,0,1,0,0,0
明德邊間公寓二樓,建民路,0,0,0,0,1,0,0,0,0,0,0,0,170.0,0,4.0,2.0,2.0,4.0,0,5.0,2.0,2.0,1.0,1,0,0,0,0
新北投站金雞母五套房,溫泉路,0,0,0,0,1,0,0,0,0,0,0,0,193.0,0,5.0,,5.0,5.0,0,7.0,7.0,7.0,1.0,0,0,1,0,0
溫泉套房,新民路,0,0,0,0,1,0,0,0,0,0,0,0,214.0,0,1.0,1.0,1.0,1.0,0,5.0,3.0,3.0,1.0,0,0,1,0,0
天母榮總商圈收租美妝,天母西路,0,0,0,0,1,0,0,0,0,0,0,0,235.0,0,1.0,1.0,1.0,1.0,0,7.0,2.0,2.0,1.0,0,1,0,0,0
薇閣溫泉小套房,泉源路,0,0,0,0,1,0,0,0,0,0,0,0,258.0,0,1.0,1.0,1.0,1.0,0,10.0,7.0,7.0,1.0,0,0,1,0,0
石牌榮總美廈,行義路,0,0,0,0,1,0,0,0,0,0,0,0,42.0,0,3.0,2.0,2.0,3.0,0,7.0,4.0,4.0,1.0,0,1,0,0,0
北投溫泉路景觀美湯屋,溫泉路,0,0,0,0,1,0,0,0,0,0,0,0,70.0,0,1.0,1.0,1.0,1.0,0,7.0,7.0,7.0,1.0,0,1,0,0,0
B328明德美裝電梯兩房,西安街一段,0,0,0,0,1,0,0,0,0,0,0,0,93.0,0,2.0,1.0,1.0,2.0,0,7.0,7.0,7.0,1.0,0,1,0,0,0
超值海砂屋都更宅,雙全街,0,0,0,0,1,0,0,0,0,0,0,0,113.0,0,3.0,2.0,2.0,3.0,0,5.0,4.0,4.0,1.0,0,1,0,0,0
石牌捷運黃金三樓美寓,致遠一路一段,0,0,0,0,1,0,0,0,0,0,0,0,136.0,0,3.0,2.0,2.0,3.0,0,4.0,3.0,3.0,1.0,0,1,0,0,0
A67新北投捷運電梯美2房,新民路,0,0,0,0,1,0,0,0,0,0,0,0,160.0,0,2.0,2.0,1.0,2.0,0,5.0,2.0,2.0,1.0,0,1,0,0,0
B254北投捷運富域高樓雙平車,大興街,0,0,0,0,1,0,0,0,0,0,0,0,183.0,0,3.0,2.0,2.0,3.0,0,27.0,24.0,24.0,1.0,0,1,0,0,0
開璽和碧捷運旁雙車位,西安街二段,0,0,0,0,1,0,0,0,0,0,0,0,207.0,1,2.0,2.0,2.0,2.0,0,12.0,4.0,4.0,1.0,0,1,0,0,0
北投邊間湯屋大坡車,光明路,0,0,0,0,1,0,0,0,0,0,0,0,227.0,0,1.0,1.0,1.0,1.0,0,19.0,2.0,2.0,1.0,0,1,0,0,0
B209北投奇岩電梯樓中樓,公 路,0,0,0,0,1,0,0,0,0,0,0,0,251.0,0,3.0,3.0,3.0,3.0,0,5.0,5.0,5.0,1.0,0,1,0,0,0
翠嶺山莊樓中樓＋坡車,奇岩路,0,0,0,0,1,0,0,0,0,0,0,0,42.0,0,,3.0,4.0,,0,4.0,3.0,4.0,2.0,0,1,0,0,0
B306北科近捷運大坪數美寓,中央南路二段,0,0,0,0,1,0,0,0,0,0,0,0,71.0,0,2.0,2.0,2.0,2.0,0,6.0,5.0,5.0,1.0,0,0,0,0,0
新北投捷運套房,中和街,0,0,0,0,1,0,0,0,0,0,0,0,99.0,0,,,,,0,8.0,8.0,8.0,1.0,0,0,1,0,0
璞園袖里春露台戶，2+1房有車,榮華一路,0,0,0,0,1,0,0,0,0,0,0,0,125.0,0,,2.0,2.0,,0,13.0,2.0,2.0,1.0,0,1,0,0,0
尚禾淳邊間三房附車位,公館路,0,0,0,0,1,0,0,0,0,0,0,0,147.0,1,3.0,2.0,1.0,3.0,0,11.0,6.0,6.0,1.0,0,1,0,0,0
金龍尊邸高樓景觀三房雙車,尊賢街,0,0,0,0,1,0,0,0,0,0,0,0,170.0,0,3.0,2.0,2.0,3.0,0,12.0,6.0,6.0,1.0,0,1,0,0,0
復興高中新廈美套房,大屯路,0,0,0,0,1,0,0,0,0,0,0,0,194.0,0,1.0,1.0,1.0,1.0,0,7.0,3.0,3.0,1.0,0,0,1,0,0
泉之鄉二房景觀,溫泉路,0,0,0,0,1,0,0,0,0,0,0,0,212.0,0,2.0,2.0,1.0,2.0,0,7.0,6.0,6.0,1.0,0,1,0,0,0
四季青磺景觀套房,中山路,0,0,0,0,1,0,0,0,0,0,0,0,230.0,0,1.0,1.0,1.0,1.0,0,8.0,8.0,8.0,1.0,0,0,1,0,0
B279北投出租首選電梯套房,中和街,0,0,0,0,1,0,0,0,0,0,0,0,241.0,0,1.0,1.0,1.0,1.0,0,8.0,4.0,4.0,1.0,0,0,1,0,0
*天母國小電梯四房,行義路,0,0,0,0,1,0,0,0,0,0,0,0,46.0,0,4.0,2.0,2.0,4.0,0,8.0,,,,0,0,0,0,0
皇家臻邸電梯三房,行義路,0,0,0,0,1,0,0,0,0,0,0,0,72.0,0,3.0,2.0,2.0,3.0,0,7.0,3.0,3.0,1.0,0,1,0,0,0
陽光小瑞士坡平車位3+1房,公館路,0,0,0,0,1,0,0,0,0,0,0,0,97.0,1,4.0,2.0,2.0,4.0,0,5.0,4.0,4.0,1.0,0,1,0,0,0
北投靜巷雅居 享受天然溫泉,溫泉路,0,0,0,0,1,0,0,0,0,0,0,0,120.0,0,2.0,2.0,1.0,2.0,0,4.0,3.0,3.0,1.0,0,1,0,0,0
忠義捷運低總三房,中央北路四段,0,0,0,0,1,0,0,0,0,0,0,0,141.0,0,3.0,2.0,2.0,3.0,0,5.0,4.0,4.0,1.0,0,1,0,0,0
北市低總價溫泉三樓美寓,溫泉路,0,0,0,0,1,0,0,0,0,0,0,0,112.0,0,2.0,2.0,1.0,2.0,0,4.0,3.0,3.0,1.0,0,1,0,0,0
北士科旁廠辦,中央南路二段,0,0,0,0,1,0,0,0,0,0,0,0,179.0,0,,,,,0,6.0,2.0,2.0,1.0,0,0,0,0,0
捷運石牌站大鼎家,致遠一路二段,0,0,0,0,1,0,0,0,0,0,0,0,202.0,0,5.0,3.0,3.0,5.0,0,5.0,5.0,5.0,1.0,0,1,0,0,0
石牌B1事務商場,石牌路一段,0,0,0,0,1,0,0,0,0,0,0,0,223.0,0,,2.0,1.0,,0,6.0,-1.0,-1.0,1.0,0,0,0,0,0
石牌捷運一樓大前院好停車,自強街,0,0,0,0,1,0,0,0,0,0,0,0,247.0,0,2.0,2.0,2.0,2.0,0,5.0,1.0,1.0,1.0,0,1,0,0,0
B223近北投捷運電梯三房車,中央北路一段,0,0,0,0,1,0,0,0,0,0,0,0,46.0,0,3.0,2.0,2.0,3.0,0,12.0,3.0,3.0,1.0,0,1,0,0,0
專任北士科景觀三房車位,文林北路,0,0,0,0,1,0,0,0,0,0,0,0,73.0,1,3.0,2.0,2.0,3.0,0,13.0,10.0,10.0,1.0,0,1,0,0,0
B227石牌捷運愛登堡四房車,東華街二段,0,0,0,0,1,0,0,0,0,0,0,0,98.0,0,4.0,,2.0,4.0,0,14.0,10.0,10.0,1.0,0,1,0,0,0
振興榮總透天店面,天母西路,0,0,0,0,1,0,0,0,0,0,0,0,123.0,0,,,,,0,14.0,1.0,1.0,1.0,0,0,0,0,1
石牌自強市場店面,西安街一段,0,0,0,0,1,0,0,0,0,0,0,0,151.0,0,,,,,0,4.0,1.0,1.0,1.0,0,0,0,0,0
天母頂樓露台寵物宅兩房,石牌路二段,0,0,0,0,1,0,0,0,0,0,0,0,175.0,0,2.0,2.0,1.0,2.0,0,6.0,6.0,6.0,1.0,0,1,0,0,0
昭揚天際鋼骨景觀高樓戶,承德路七段,0,0,0,0,1,0,0,0,0,0,0,0,199.0,0,4.0,2.0,3.0,4.0,0,19.0,10.0,10.0,1.0,0,1,0,0,0
欣聯奇岩涵氧森活二房,奇岩段三小段,0,0,0,0,1,0,0,0,0,0,0,0,222.0,0,2.0,2.0,1.0,2.0,0,12.0,10.0,10.0,1.0,0,1,0,0,0
基泰明德四房車(可一次買2戶),懷德街,0,0,0,0,1,0,0,0,0,0,0,0,244.0,0,4.0,2.0,2.0,4.0,0,12.0,6.0,6.0,1.0,0,1,0,0,0
B205新北投中和街國泰透天,中和街,0,0,0,0,1,0,0,0,0,0,0,0,259.0,0,4.0,3.0,3.0,4.0,0,2.0,1.0,2.0,2.0,0,0,0,0,1
近捷全新原禾御店面,大興街,0,0,0,0,1,0,0,0,0,0,0,0,44.0,0,,,,,0,8.0,1.0,1.0,1.0,0,0,0,0,0
威靈頓公爵寓邸,崇仰一路,0,0,0,0,1,0,0,0,0,0,0,0,75.0,0,,6.0,5.0,,0,2.0,-1.0,2.0,4.0,0,1,0,0,0
明德捷運店辦,東華街一段,0,0,0,0,1,0,0,0,0,0,0,0,104.0,0,5.0,1.0,1.0,5.0,0,4.0,1.0,1.0,1.0,0,0,0,0,0
B313致遠美妝透天可停車,致遠三路,0,0,0,0,1,0,0,0,0,0,0,0,119.0,0,2.0,2.0,2.0,2.0,0,2.0,1.0,2.0,2.0,0,0,0,0,1
陽明山開心農場,泉源段四小段,0,0,0,0,1,0,0,0,0,0,0,0,27.0,0,,,,,0,0.0,0.0,0.0,1.0,0,0,0,0,0
北投泉源綠意裝潢美寓,泉源路,0,0,0,0,1,0,0,0,0,0,0,0,169.0,0,2.0,2.0,1.0,2.0,0,5.0,4.0,4.0,1.0,0,1,0,0,0
低總價景觀美宅,泉源路,0,0,0,0,1,0,0,0,0,0,0,0,169.0,0,,2.0,1.0,,0,5.0,4.0,4.0,1.0,0,1,0,0,0
近士北科土地,關渡段一小段,0,0,0,0,1,0,0,0,0,0,0,0,27.0,0,,,,,0,0.0,0.0,0.0,1.0,0,0,0,0,0
石牌振興陽光樓,明德路,0,0,0,0,1,0,0,0,0,0,0,0,214.0,0,2.0,1.0,1.0,2.0,0,7.0,-1.0,-1.0,1.0,0,0,0,0,0
七百坪農林地,湖山段一小段,0,0,0,0,1,0,0,0,0,0,0,0,27.0,0,,,,,0,27.0,27.0,27.0,1.0,0,0,0,0,0
肆仟坪平坦土地,湖田段一小段,0,0,0,0,1,0,0,0,0,0,0,0,19.0,0,,,,,0,,,,,0,0,0,0,0
玖佰坪稀有土地,湖田段一小段,0,0,0,0,1,0,0,0,0,0,0,0,19.0,0,,,,,0,,,,,0,0,0,0,0
千坪臨路土地,湖山段一小段,0,0,0,0,1,0,0,0,0,0,0,0,19.0,0,,,,,0,,,,,0,0,0,0,0
A69北投關渡國中双層金店面,知行路,0,0,0,0,1,0,0,0,0,0,0,0,82.0,0,,,,,0,7.0,1.0,1.0,1.0,0,0,0,0,0
P015甲桂林山莊溫馨三房,中山北路七段,0,0,0,0,1,0,0,0,0,0,0,0,107.0,0,3.0,2.0,2.0,3.0,0,7.0,3.0,3.0,1.0,0,1,0,0,0
文化國小公寓2樓,中央北路二段,0,0,0,0,1,0,0,0,0,0,0,0,135.0,0,3.0,2.0,1.0,3.0,0,5.0,2.0,2.0,1.0,1,0,0,0,0
北投文化國小電梯將軍大戶,文化三路,0,0,0,0,1,0,0,0,0,0,0,0,159.0,0,4.0,2.0,2.0,4.0,0,7.0,4.0,4.0,1.0,0,1,0,0,0
中和街景觀收租美寓,中和街,0,0,0,0,1,0,0,0,0,0,0,0,182.0,0,5.0,3.0,3.0,5.0,0,5.0,5.0,5.0,1.0,0,1,0,0,0
豐盛學,中央北路一段,0,0,0,0,1,0,0,0,0,0,0,0,210.0,0,2.0,2.0,2.0,2.0,0,20.0,12.0,12.0,1.0,0,1,0,0,0
(100)台北市低總價公寓,泉源路,0,0,0,0,1,0,0,0,0,0,0,0,232.0,0,2.0,2.0,1.0,2.0,0,5.0,4.0,4.0,1.0,1,0,0,0,0
K063新北投站美寓,泉源路,0,0,0,0,1,0,0,0,0,0,0,0,42.0,0,2.0,2.0,1.0,2.0,0,5.0,4.0,4.0,1.0,0,1,0,0,0
泉源路二房公寓,泉源路,0,0,0,0,1,0,0,0,0,0,0,0,42.0,0,2.0,2.0,1.0,2.0,0,5.0,4.0,4.0,1.0,1,0,0,0,0
A06新北投捷運2房,泉源路,0,0,0,0,1,0,0,0,0,0,0,0,42.0,0,2.0,2.0,1.0,2.0,0,5.0,4.0,4.0,1.0,0,1,0,0,0
新北投捷運採光低總2房,泉源路,0,0,0,0,1,0,0,0,0,0,0,0,42.0,0,2.0,2.0,1.0,2.0,0,5.0,4.0,4.0,1.0,0,1,0,0,0
專賣廣陽四房車庫透天,中和街,0,0,0,0,1,0,0,0,0,0,0,0,102.0,0,5.0,2.0,4.0,5.0,0,3.0,1.0,3.0,3.0,0,0,0,0,1
新北投捷運2房景觀美宅,泉源路,0,0,0,0,1,0,0,0,0,0,0,0,42.0,0,2.0,2.0,1.0,2.0,0,5.0,4.0,4.0,1.0,0,1,0,0,0
北投湯自慢花妍小貴族,奇岩路,0,0,0,0,1,0,0,0,0,0,0,0,135.0,0,1.0,,1.0,1.0,0,5.0,5.0,5.0,1.0,0,1,0,0,0
新北投2房美寓,泉源路,0,0,0,0,1,0,0,0,0,0,0,0,42.0,0,2.0,1.0,1.0,2.0,0,5.0,4.0,4.0,1.0,0,1,0,0,0
B305北投力麒太和車位釋出,文林北路,0,0,0,0,1,0,0,0,0,0,0,0,19.0,1,,,,,0,,,,,0,0,0,0,0
P025榮總石牌小璽電梯房車,石牌路二段,0,0,0,0,1,0,0,0,0,0,0,0,185.0,0,1.0,1.0,1.0,1.0,0,6.0,4.0,4.0,1.0,0,1,0,0,0
天母2房雙車新廈,行義路,0,0,0,0,1,0,0,0,0,0,0,0,43.0,0,2.0,2.0,2.0,2.0,0,5.0,3.0,3.0,1.0,0,1,0,0,0
奇岩稀有景觀透天厝,奇岩路,0,0,0,0,1,0,0,0,0,0,0,0,72.0,0,7.0,2.0,4.0,7.0,0,2.0,1.0,2.0,2.0,0,0,0,0,1
$家樂福靜巷2房一樓,大屯路,0,0,0,0,1,0,0,0,0,0,0,0,87.0,0,2.0,1.0,1.0,2.0,0,2.0,1.0,1.0,1.0,0,1,0,0,0
B266明德捷運1樓大空間,榮華一路,0,0,0,0,1,0,0,0,0,0,0,0,121.0,0,5.0,3.0,2.0,5.0,0,5.0,,,,0,1,0,0,0
北投邊間三房美寓,大興街,0,0,0,0,1,0,0,0,0,0,0,0,148.0,0,3.0,2.0,1.0,3.0,0,4.0,4.0,4.0,1.0,0,1,0,0,0
P009新北投捷運電梯二房,溫泉路,0,0,0,0,1,0,0,0,0,0,0,0,172.0,0,2.0,2.0,1.0,2.0,0,12.0,3.0,3.0,1.0,0,1,0,0,0
B251復興崗站康莊四房車位,中央北路二段,0,0,0,0,1,0,0,0,0,0,0,0,195.0,1,4.0,2.0,2.0,4.0,0,14.0,7.0,7.0,1.0,0,1,0,0,0
B278北投捷運電梯三房車位,公 路,0,0,0,0,1,0,0,0,0,0,0,0,219.0,1,3.0,2.0,2.0,3.0,0,10.0,6.0,6.0,1.0,0,1,0,0,0
北歐高樓中樓景觀$,知行路,0,0,0,0,1,0,0,0,0,0,0,0,243.0,0,2.0,2.0,3.0,2.0,0,11.0,10.0,11.0,2.0,0,1,0,0,0
榮華精妝面公園一樓,榮華一路,0,0,0,0,1,0,0,0,0,0,0,0,264.0,0,3.0,3.0,3.0,3.0,0,7.0,1.0,1.0,1.0,0,1,0,0,0
石牌捷運二房一樓,吉利街,0,0,0,0,1,0,0,0,0,0,0,0,43.0,0,2.0,2.0,2.0,2.0,0,4.0,1.0,1.0,1.0,0,1,0,0,0
復興公園靜巷庭院透天,復興一路,0,0,0,0,1,0,0,0,0,0,0,0,70.0,0,3.0,2.0,5.0,3.0,0,1.0,1.0,1.0,1.0,0,0,0,0,1
B331磺溪庭院大一樓好停車,天母西路,0,0,0,0,1,0,0,0,0,0,0,0,93.0,0,4.0,3.0,4.0,4.0,0,5.0,1.0,1.0,1.0,0,1,0,0,0
奇岩捷運增值透天,三合街二段,0,0,0,0,1,0,0,0,0,0,0,0,107.0,0,4.0,3.0,3.0,4.0,0,2.0,1.0,2.0,2.0,0,0,0,0,1
中和街好停車靜巷一樓,中和街,0,0,0,0,1,0,0,0,0,0,0,0,127.0,0,4.0,2.0,2.0,4.0,0,4.0,1.0,1.0,1.0,0,1,0,0,0
天母櫻花五房雙車位,行義路,0,0,0,0,1,0,0,0,0,0,0,0,158.0,1,5.0,2.0,4.0,5.0,0,5.0,3.0,3.0,1.0,0,1,0,0,0
文化學區收租首選,中央北路二段,0,0,0,0,1,0,0,0,0,0,0,0,180.0,0,5.0,3.0,1.0,5.0,0,5.0,5.0,5.0,1.0,0,1,0,0,0
110正知行路黃金店面,知行路,0,0,0,0,1,0,0,0,0,0,0,0,201.0,0,2.0,2.0,1.0,2.0,0,5.0,1.0,1.0,1.0,0,0,0,0,0
靜巷1樓好停車,中和街,0,0,0,0,1,0,0,0,0,0,0,0,213.0,0,4.0,2.0,2.0,4.0,0,4.0,1.0,1.0,1.0,0,1,0,0,0
杏林低總價透天,杏林三路,0,0,0,0,1,0,0,0,0,0,0,0,224.0,0,4.0,2.0,2.0,4.0,0,2.0,1.0,2.0,2.0,0,0,0,0,1
新北投吉星精品即可入住,溫泉路,0,0,0,0,1,0,0,0,0,0,0,0,42.0,0,1.0,2.0,1.0,1.0,0,7.0,3.0,3.0,1.0,0,1,0,0,0
珠海路採光地下室,珠海路,0,0,0,0,1,0,0,0,0,0,0,0,69.0,0,4.0,2.0,1.0,4.0,0,7.0,-1.0,-1.0,1.0,0,1,0,0,0
士北科商辦雙車位,大業路,0,0,0,0,1,0,0,0,0,0,0,0,95.0,1,,,,,0,12.0,3.0,3.0,1.0,0,0,0,0,0
北投泉源段土地,泉源段四小段,0,0,0,0,1,0,0,0,0,0,0,0,19.0,0,,,,,0,,,,,0,0,0,0,0
北投美妝陽光壹樓,長壽路,0,0,0,0,1,0,0,0,0,0,0,0,136.0,0,4.0,3.0,3.0,4.0,0,5.0,,,,0,0,0,0,0
靜巷溫泉美宅,新民路,0,0,0,0,1,0,0,0,0,0,0,0,149.0,0,2.0,2.0,2.0,2.0,0,4.0,3.0,3.0,1.0,0,1,0,0,0
稀有!北投溫泉透天別墅,溫泉路,0,0,0,0,1,0,0,0,0,0,0,0,182.0,0,5.0,2.0,3.0,5.0,0,2.0,1.0,2.0,2.0,0,0,0,0,1
B290北投溫泉美裝透天別墅,溫泉路,0,0,0,0,1,0,0,0,0,0,0,0,182.0,0,5.0,2.0,3.0,5.0,0,2.0,-1.0,2.0,4.0,0,0,0,0,1
B292關渡捷運日出印象A5,大度路,0,0,0,0,1,0,0,0,0,0,0,0,213.0,0,4.0,2.0,2.0,4.0,0,15.0,12.0,12.0,1.0,0,1,0,0,0
捷運溫泉清幽居(可停2輛車),溫泉路銀光巷,0,0,0,0,1,0,0,0,0,0,0,0,182.0,0,5.0,2.0,3.0,5.0,0,2.0,1.0,2.0,2.0,0,1,0,0,0
北投農地專約好案,,0,0,0,0,1,0,0,0,0,0,0,0,19.0,0,,,,,0,,,,,0,0,0,0,0
天母原墅水晶晶庭院,行義路,0,0,0,0,1,0,0,0,0,0,0,0,64.0,0,3.0,2.0,2.0,3.0,0,5.0,1.0,1.0,1.0,0,1,0,0,0
威靈頓花園別墅,崇仰六路,0,0,0,0,1,0,0,0,0,0,0,0,91.0,0,5.0,2.0,3.0,5.0,0,2.0,1.0,2.0,2.0,0,1,0,0,0
*明德捷運黃金三樓,文林北路,0,0,0,0,1,0,0,0,0,0,0,0,117.0,0,3.0,2.0,2.0,3.0,0,4.0,3.0,3.0,1.0,0,1,0,0,0
奇岩重劃區旁美寓,磺港路,0,0,0,0,1,0,0,0,0,0,0,0,140.0,0,5.0,3.0,3.0,5.0,0,5.0,5.0,5.0,1.0,0,1,0,0,0
天母國小邊間美屋,行義路,0,0,0,0,1,0,0,0,0,0,0,0,164.0,0,4.0,3.0,2.0,4.0,0,5.0,5.0,5.0,1.0,0,1,0,0,0
新北投挑高綠意別墅,復興四路,0,0,0,0,1,0,0,0,0,0,0,0,186.0,0,5.0,5.0,6.0,5.0,0,4.0,1.0,4.0,4.0,0,1,0,0,0
新北投溫泉大戶頂加,溫泉路,0,0,0,0,1,0,0,0,0,0,0,0,199.0,0,6.0,3.0,3.0,6.0,1,4.0,4.0,4.0,1.0,0,1,0,0,0
天母世群頂樓大戶B,天母西路,0,0,0,0,1,0,0,0,0,0,0,0,227.0,0,4.0,3.0,3.0,4.0,0,6.0,6.0,6.0,1.0,0,1,0,0,0
北投新民路靜巷質感宅,新民路,0,0,0,0,1,0,0,0,0,0,0,0,249.0,0,1.0,,1.0,1.0,0,5.0,3.0,3.0,1.0,0,1,0,0,0
北投鄉林玉川溫泉渡假宅Ⅰ,溫泉路,0,0,0,0,1,0,0,0,0,0,0,0,42.0,0,,,,,0,5.0,4.0,4.0,1.0,0,1,0,0,0
奇岩稀有低公設電梯,公館路,0,0,0,0,1,0,0,0,0,0,0,0,73.0,0,4.0,2.0,2.0,4.0,0,7.0,2.0,2.0,1.0,0,1,0,0,0
北投捷運採光2房,大同街,0,0,0,0,1,0,0,0,0,0,0,0,94.0,0,2.0,2.0,2.0,2.0,0,5.0,5.0,5.0,1.0,0,1,0,0,0
石牌榮總邊間三樓,石牌路二段,0,0,0,0,1,0,0,0,0,0,0,0,117.0,0,3.0,2.0,2.0,3.0,0,5.0,3.0,3.0,1.0,0,1,0,0,0
*捷運方正三樓美寓$,吉利街,0,0,0,0,1,0,0,0,0,0,0,0,136.0,0,3.0,2.0,2.0,3.0,0,5.0,3.0,3.0,1.0,0,1,0,0,0
近關渡捷運站/北投-住3住宅用,桃源段五小段,0,0,0,0,1,0,0,0,0,0,0,0,25.0,0,,,,,0,25.0,25.0,25.0,1.0,0,0,0,0,0
B62水美鳥語花香湯屋,幽雅路,0,0,0,0,1,0,0,0,0,0,0,0,176.0,0,1.0,1.0,1.0,1.0,0,13.0,4.0,4.0,1.0,0,1,0,0,0
士北科面寬雙店面,致遠一路一段,0,0,0,0,1,0,0,0,0,0,0,0,192.0,0,,2.0,2.0,,0,4.0,1.0,1.0,1.0,0,0,0,0,0
石牌透天店面,東華街二段,0,0,0,0,1,0,0,0,0,0,0,0,216.0,0,6.0,2.0,3.0,6.0,0,2.0,1.0,2.0,2.0,0,0,0,0,1
捷運宅配有兩衛浴管理大樓,中山路,0,0,0,0,1,0,0,0,0,0,0,0,248.0,0,1.0,2.0,2.0,1.0,0,12.0,8.0,8.0,1.0,0,1,0,0,0
榮總特區雙車三房樓中樓,石牌路二段,0,0,0,0,1,0,0,0,0,0,0,0,44.0,0,3.0,2.0,2.0,3.0,0,7.0,6.0,6.0,1.0,0,1,0,0,0
雲天超棒山景機能超強,溫泉路,0,0,0,0,1,0,0,0,0,0,0,0,72.0,0,,1.0,1.0,,0,13.0,8.0,8.0,1.0,0,1,0,0,0
吉利石牌學區1樓好停車,吉利街,0,0,0,0,1,0,0,0,0,0,0,0,100.0,0,3.0,2.0,2.0,3.0,0,5.0,1.0,1.0,1.0,0,1,0,0,0
北投知名觀光景點面寬金店面,中山路,0,0,0,0,1,0,0,0,0,0,0,0,122.0,0,,,,,0,8.0,,,,0,1,0,0,0
捷運薇閣御泉山景2R美湯,中和街,0,0,0,0,1,0,0,0,0,0,0,0,143.0,0,3.0,2.0,2.0,3.0,0,13.0,5.0,5.0,1.0,0,1,0,0,0
專任達永豐盛學A17,中央北路一段,0,0,0,0,1,0,0,0,0,0,0,0,169.0,0,,,,,0,20.0,17.0,17.0,1.0,0,1,0,0,0
B216石牌捷運車位一樓,義理街,0,0,0,0,1,0,0,0,0,0,0,0,193.0,1,3.0,3.0,2.0,3.0,0,5.0,1.0,1.0,1.0,0,1,0,0,0
B262稀有公園大院3房含車,中和街,0,0,0,0,1,0,0,0,0,0,0,0,216.0,0,3.0,2.0,2.0,3.0,0,14.0,12.0,12.0,1.0,0,1,0,0,0
明德石牌捷運金店面.知名連鎖店.財源滾滾,致遠一路一段,0,0,0,0,1,0,0,0,0,0,0,0,238.0,0,,,,,0,5.0,1.0,1.0,1.0,0,1,0,0,0
石牌都更屋,致遠一路二段,0,0,0,0,1,0,0,0,0,0,0,0,260.0,0,3.0,2.0,2.0,3.0,0,5.0,3.0,3.0,1.0,0,1,0,0,0
408.北投藝大旁住宅用地+道,,0,0,0,0,1,0,0,0,0,0,0,0,19.0,0,,,,,0,,,,,0,0,0,0,0
近明德站電梯三房好停車,榮華一路,0,0,0,0,1,0,0,0,0,0,0,0,63.0,0,3.0,2.0,2.0,3.0,0,7.0,2.0,2.0,1.0,0,1,0,0,0
北投捷運邊間透天,清江路,0,0,0,0,1,0,0,0,0,0,0,0,78.0,0,,,,,0,2.0,1.0,2.0,2.0,0,0,0,0,1
溫泉景觀度假小屋,溫泉路,0,0,0,0,1,0,0,0,0,0,0,0,112.0,0,1.0,1.0,1.0,1.0,0,7.0,7.0,7.0,1.0,0,1,0,0,0
P013捷運石牌國小旁金店面,致遠二路,0,0,0,0,1,0,0,0,0,0,0,0,125.0,0,3.0,2.0,2.0,3.0,0,4.0,1.0,1.0,1.0,0,0,0,0,0
富域景觀三房車,大興街,0,0,0,0,1,0,0,0,0,0,0,0,161.0,0,3.0,2.0,2.0,3.0,0,21.0,18.0,18.0,1.0,0,1,0,0,0
石牌大地坪透天,石牌路一段,0,0,0,0,1,0,0,0,0,0,0,0,177.0,0,5.0,4.0,2.0,5.0,0,2.0,1.0,2.0,2.0,0,0,0,0,1
稀有邊間天母碧麗香,行義路,0,0,0,0,1,0,0,0,0,0,0,0,203.0,0,3.0,2.0,2.0,3.0,0,7.0,2.0,2.0,1.0,0,1,0,0,0
北投捷運站角窗店面,大業路,0,0,0,0,1,0,0,0,0,0,0,0,226.0,0,1.0,3.0,2.0,1.0,0,12.0,-1.0,1.0,3.0,0,0,0,0,0
石牌國中邊間一樓,實踐街,0,0,0,0,1,0,0,0,0,0,0,0,240.0,0,3.0,1.0,2.0,3.0,0,5.0,1.0,1.0,1.0,0,1,0,0,0
陽明山超開心農地,,0,0,0,0,1,0,0,0,0,0,0,0,19.0,0,,,,,1,1.0,19.0,1.0,-17.0,0,0,0,0,0
北投泉源實小景觀農地,泉源段二小段,0,0,0,0,1,0,0,0,0,0,0,0,19.0,0,,,,,0,,,,,0,0,0,0,0
榮總特區靜巷四房$,行義路,0,0,0,0,1,0,0,0,0,0,0,0,77.0,0,4.0,2.0,2.0,4.0,0,7.0,5.0,5.0,1.0,0,1,0,0,0
低總價邊間機能透天,中和街,0,0,0,0,1,0,0,0,0,0,0,0,100.0,0,4.0,2.0,2.0,4.0,0,2.0,1.0,2.0,2.0,0,0,0,0,1
北投家樂福2房新屋多戶可選,中和街,0,0,0,0,1,0,0,0,0,0,0,0,123.0,0,2.0,2.0,1.0,2.0,0,5.0,3.0,3.0,1.0,0,1,0,0,0
北投家樂福2房新屋多戶可選B,中和街,0,0,0,0,1,0,0,0,0,0,0,0,135.0,0,2.0,2.0,1.0,2.0,0,5.0,3.0,3.0,1.0,0,1,0,0,0
擁抱山河低總2房,新民路,0,0,0,0,1,0,0,0,0,0,0,0,156.0,0,2.0,1.0,1.0,2.0,0,5.0,2.0,2.0,1.0,0,1,0,0,0
雙車位優美靜謐別墅,復興三路,0,0,0,0,1,0,0,0,0,0,0,0,176.0,1,4.0,2.0,3.0,4.0,0,2.0,1.0,2.0,2.0,0,1,0,0,0
奇岩精美電梯小資宅,公館路,0,0,0,0,1,0,0,0,0,0,0,0,198.0,0,1.0,1.0,1.0,1.0,0,5.0,4.0,4.0,1.0,0,1,0,0,0
石牌商圈二樓美寓,明德路,0,0,0,0,1,0,0,0,0,0,0,0,218.0,0,4.0,2.0,2.0,4.0,0,5.0,2.0,2.0,1.0,0,1,0,0,0
新北投捷運美宅,溫泉路,0,0,0,0,1,0,0,0,0,0,0,0,43.0,0,1.0,1.0,1.0,1.0,0,7.0,3.0,3.0,1.0,0,1,0,0,0
B229北投精美公寓一樓,中和街,0,0,0,0,1,0,0,0,0,0,0,0,70.0,0,3.0,2.0,1.0,3.0,0,4.0,1.0,1.0,1.0,1,0,0,0,0
新北投公園溫馨美湯屋,溫泉路,0,0,0,0,1,0,0,0,0,0,0,0,43.0,0,1.0,1.0,1.0,1.0,0,7.0,3.0,3.0,1.0,0,1,0,0,0
北士科收租屋,承德路七段,0,0,0,0,1,0,0,0,0,0,0,0,102.0,0,7.0,,7.0,7.0,0,10.0,3.0,3.0,1.0,0,1,0,0,0
北市科收租金雞母,承德路七段,0,0,0,0,1,0,0,0,0,0,0,0,113.0,0,6.0,,6.0,6.0,0,10.0,3.0,3.0,1.0,0,1,0,0,0
士北科洲美山景電梯亮麗四房,福美路,0,0,0,0,1,0,0,0,0,0,0,0,139.0,0,4.0,2.0,2.0,4.0,0,10.0,8.0,8.0,1.0,0,1,0,0,0
新北投低總價電梯首選,新民路,0,0,0,0,1,0,0,0,0,0,0,0,160.0,0,1.0,1.0,1.0,1.0,0,7.0,5.0,5.0,1.0,0,1,0,0,0
B68阿曼之旅景觀兩房車位,稻香路,0,0,0,0,1,0,0,0,0,0,0,0,182.0,1,2.0,2.0,1.0,2.0,0,11.0,5.0,5.0,1.0,0,1,0,0,0
P026明德捷運挑高精裝美宅,建民路,0,0,0,0,1,0,0,0,0,0,0,0,204.0,0,3.0,1.0,1.0,3.0,0,7.0,5.0,5.0,1.0,0,1,0,0,0
捷運石牌優質學區收租套房,石牌路一段,0,0,0,0,1,0,0,0,0,0,0,0,226.0,0,1.0,1.0,1.0,1.0,0,7.0,4.0,4.0,1.0,0,0,1,0,0
捷運邊間3房車位,大興街,0,0,0,0,1,0,0,0,0,0,0,0,45.0,1,3.0,2.0,1.0,3.0,0,12.0,2.0,2.0,1.0,0,1,0,0,0
A59奇岩捷運收租金店面,三合街二段,0,0,0,0,1,0,0,0,0,0,0,0,70.0,0,,,,,0,18.0,1.0,1.0,1.0,0,0,0,0,0
常殷一域好棒棒,北科路,0,0,0,0,1,0,0,0,0,0,0,0,96.0,0,2.0,2.0,1.0,2.0,0,9.0,7.0,7.0,1.0,0,1,0,0,0
水美學3房加平面車位,大興街,0,0,0,0,1,0,0,0,0,0,0,0,45.0,1,3.0,2.0,1.0,3.0,0,12.0,2.0,2.0,1.0,0,1,0,0,0
北士科柏鴻君臨高樓露台戶,文林北路,0,0,0,0,1,0,0,0,0,0,0,0,130.0,0,4.0,2.0,3.0,4.0,0,25.0,14.0,14.0,1.0,0,1,0,0,0
北士科柏鴻君臨豪邸,文林北路,0,0,0,0,1,0,0,0,0,0,0,0,130.0,0,4.0,2.0,3.0,4.0,0,25.0,17.0,17.0,1.0,0,1,0,0,0
百萬裝潢電梯美廈,中山路,0,0,0,0,1,0,0,0,0,0,0,0,160.0,0,1.0,2.0,1.0,1.0,0,12.0,12.0,12.0,1.0,0,1,0,0,0
湯布院美套房,新民路,0,0,0,0,1,0,0,0,0,0,0,0,180.0,0,1.0,1.0,1.0,1.0,0,10.0,1.0,1.0,1.0,0,0,1,0,0
天母別府三房車,行義路,0,0,0,0,1,0,0,0,0,0,0,0,203.0,0,3.0,2.0,2.0,3.0,0,7.0,5.0,5.0,1.0,0,1,0,0,0
FZ3文化公園景觀美鼎佳不二價,中央北路二段,0,0,0,0,1,0,0,0,0,0,0,0,224.0,0,3.0,2.0,1.0,3.0,0,5.0,5.0,5.0,1.0,0,1,0,0,0
天母麗景美廈,行義路,0,0,0,0,1,0,0,0,0,0,0,0,42.0,0,4.0,2.0,2.0,4.0,0,7.0,5.0,5.0,1.0,0,1,0,0,0
北歐露台大戶三車位$,知行路,0,0,0,0,1,0,0,0,0,0,0,0,70.0,1,4.0,2.0,3.0,4.0,0,11.0,2.0,2.0,1.0,0,1,0,0,0
B318士北科美寓配坡平車位,自強街,0,0,0,0,1,0,0,0,0,0,0,0,96.0,1,3.0,2.0,2.0,3.0,0,5.0,5.0,5.0,1.0,0,1,0,0,0
春揚薇格兩房,珠海路,0,0,0,0,1,0,0,0,0,0,0,0,123.0,0,2.0,2.0,1.0,2.0,0,7.0,3.0,3.0,1.0,0,1,0,0,0
奇岩捷運北美市大廈,中央南路二段,0,0,0,0,1,0,0,0,0,0,0,0,147.0,0,3.0,2.0,2.0,3.0,0,13.0,9.0,9.0,1.0,0,0,0,0,0
豪景四房雙車位,公館路,0,0,0,0,1,0,0,0,0,0,0,0,171.0,1,4.0,2.0,2.0,4.0,0,14.0,10.0,10.0,1.0,0,1,0,0,0
石牌國中花園車庫一樓,石牌路一段,0,0,0,0,1,0,0,0,0,0,0,0,192.0,0,,,,,0,4.0,1.0,1.0,1.0,0,1,0,0,0
北投市場收租金店,清江路,0,0,0,0,1,0,0,0,0,0,0,0,206.0,0,,,2.0,,0,4.0,1.0,1.0,1.0,0,1,0,0,0
B13士北科景觀朗闊雙平車,文林北路,0,0,0,0,1,0,0,0,0,0,0,0,231.0,0,4.0,2.0,2.0,4.0,0,23.0,14.0,14.0,1.0,0,1,0,0,0
奇岩站商圈金店面,崇仁路一段,0,0,0,0,1,0,0,0,0,0,0,0,251.0,0,,,,,0,7.0,1.0,1.0,1.0,0,0,0,0,0
天母香草花園別墅,行義路,0,0,0,0,1,0,0,0,0,0,0,0,45.0,0,8.0,4.0,6.0,8.0,1,2.0,1.0,2.0,2.0,0,1,0,0,0
*石牌方正住辦一樓,自強街,0,0,0,0,1,0,0,0,0,0,0,0,75.0,0,2.0,1.0,1.0,2.0,0,2.0,1.0,1.0,1.0,0,0,0,0,0
石牌國中美裝庭院一樓,石牌路一段,0,0,0,0,1,0,0,0,0,0,0,0,99.0,0,3.0,1.0,1.0,3.0,0,9.0,1.0,1.0,1.0,0,1,0,0,0
捷運公園高樓景觀戶,榮華一路,0,0,0,0,1,0,0,0,0,0,0,0,121.0,0,,2.0,5.0,,0,10.0,9.0,10.0,2.0,0,1,0,0,0
石牌捷運四房車位,致遠二路,0,0,0,0,1,0,0,0,0,0,0,0,142.0,1,4.0,2.0,2.0,4.0,0,7.0,2.0,2.0,1.0,0,1,0,0,0
北投威靈頓山莊大別墅,崇仰七路,0,0,0,0,1,0,0,0,0,0,0,0,165.0,0,6.0,,3.0,6.0,0,2.0,1.0,2.0,2.0,0,1,0,0,0
確定都更承德路北投寓,承德路七段,0,0,0,0,1,0,0,0,0,0,0,0,176.0,0,3.0,2.0,2.0,3.0,0,25.0,3.0,3.0,1.0,0,1,0,0,0
稀有低公設庭院電梯3房新屋,中和街,0,0,0,0,1,0,0,0,0,0,0,0,202.0,0,3.0,2.0,2.0,3.0,0,5.0,1.0,1.0,1.0,0,1,0,0,0
北投捷運-金雞母商三透天,光明路,0,0,0,0,1,0,0,0,0,0,0,0,212.0,0,2.0,1.0,1.0,2.0,0,1.0,1.0,1.0,1.0,0,0,0,0,1
A42北投家樂福新屋多戶可選C,中和街,0,0,0,0,1,0,0,0,0,0,0,0,239.0,0,1.0,1.0,1.0,1.0,0,5.0,4.0,4.0,1.0,0,1,0,0,0
威靈頓豪景清水模別墅,崇仰七路,0,0,0,0,1,0,0,0,0,0,0,0,40.0,0,,,,,0,2.0,1.0,2.0,2.0,0,1,0,0,0
樹山丘三房露台車位,稻香路,0,0,0,0,1,0,0,0,0,0,0,0,69.0,1,3.0,2.0,2.0,3.0,0,5.0,2.0,2.0,1.0,0,1,0,0,0
關渡捷運站土地,,0,0,0,0,1,0,0,0,0,0,0,0,19.0,0,,,,,0,,,,,0,0,0,0,0
大馬路旁穩定收租店面,中央北路二段,0,0,0,0,1,0,0,0,0,0,0,0,109.0,0,,,1.0,,0,5.0,1.0,1.0,1.0,0,0,0,0,0
捷運出口旁北方之星,大度路三段,0,0,0,0,1,0,0,0,0,0,0,0,134.0,0,2.0,2.0,1.0,2.0,0,19.0,3.0,3.0,1.0,0,0,0,0,0
唭哩岸捷運店面,西安街二段,0,0,0,0,1,0,0,0,0,0,0,0,155.0,0,,,,,0,7.0,1.0,1.0,1.0,0,0,0,0,0
北士科&宏普陽明大露台三房+坡平車位,文林北路,0,0,0,0,1,0,0,0,0,0,0,0,175.0,1,3.0,2.0,2.0,3.0,0,14.0,2.0,2.0,1.0,0,1,0,0,0
專任~石牌捷運庭院一樓,致遠一路二段,0,0,0,0,1,0,0,0,0,0,0,0,198.0,0,6.0,,5.0,6.0,0,5.0,1.0,1.0,1.0,0,1,0,0,0
捷運靜巷管理邊間美屋,自強街,0,0,0,0,1,0,0,0,0,0,0,0,220.0,0,3.0,2.0,2.0,3.0,0,5.0,4.0,4.0,1.0,0,1,0,0,0
B145北科大土地鼎加車位,文林北路,0,0,0,0,1,0,0,0,0,0,0,0,234.0,1,5.0,3.0,3.0,5.0,0,3.0,3.0,3.0,1.0,0,1,0,0,0
豪華透天精美店面,大興街,0,0,0,0,1,0,0,0,0,0,0,0,42.0,0,,2.0,2.0,,0,2.0,1.0,2.0,2.0,0,0,0,0,1
B211北士科明德捷運透天,文林北路,0,0,0,0,1,0,0,0,0,0,0,0,70.0,0,5.0,2.0,3.0,5.0,0,2.0,1.0,2.0,2.0,0,0,0,0,1
B256明德敦品電梯三房,文林北路,0,0,0,0,1,0,0,0,0,0,0,0,93.0,0,3.0,2.0,2.0,3.0,0,14.0,2.0,2.0,1.0,0,1,0,0,0
石牌捷運庭院大車庫,吉利街,0,0,0,0,1,0,0,0,0,0,0,0,118.0,0,2.0,2.0,2.0,2.0,0,9.0,1.0,1.0,1.0,0,1,0,0,0
北投捷運站低總透天,大同街,0,0,0,0,1,0,0,0,0,0,0,0,132.0,0,,2.0,1.0,,0,1.0,1.0,1.0,1.0,0,0,0,0,1
昭揚天際關渡平原景觀宅,承德路七段,0,0,0,0,1,0,0,0,0,0,0,0,160.0,0,3.0,2.0,2.0,3.0,0,19.0,6.0,6.0,1.0,0,1,0,0,0
威靈頓觀音山豪景別墅山莊,崇仰一路,0,0,0,0,1,0,0,0,0,0,0,0,184.0,0,3.0,2.0,4.0,3.0,0,2.0,1.0,2.0,2.0,0,1,0,0,0
北投捷運站前機械停車位,北投路二段,0,0,0,0,1,0,0,0,0,0,0,0,206.0,1,,,,,0,25.0,1.0,1.0,1.0,0,0,0,0,0
北投捷運站前停車位,北投路二段,0,0,0,0,1,0,0,0,0,0,0,0,206.0,1,,,,,0,25.0,1.0,1.0,1.0,0,0,0,0,0
北投捷運站前停車位No.1,北投路二段,0,0,0,0,1,0,0,0,0,0,0,0,206.0,1,,,,,0,25.0,1.0,1.0,1.0,0,0,0,0,0
北投捷運站前停車位No.3,北投路二段,0,0,0,0,1,0,0,0,0,0,0,0,40.0,1,,,,,0,25.0,1.0,1.0,1.0,0,0,0,0,0
北投捷運站前停車位No.5,北投路二段,0,0,0,0,1,0,0,0,0,0,0,0,40.0,1,,,,,0,25.0,1.0,1.0,1.0,0,0,0,0,0
士北科珍稀土地,洲美街,0,0,0,0,1,0,0,0,0,0,0,0,25.0,0,,,,,0,25.0,25.0,25.0,1.0,0,0,0,0,0
新北投綠意宅,光明路,0,0,0,0,1,0,0,0,0,0,0,0,92.0,0,1.0,1.0,1.0,1.0,0,7.0,6.0,6.0,1.0,0,1,0,0,0
新北投景觀3房,光明路,0,0,0,0,1,0,0,0,0,0,0,0,116.0,0,3.0,2.0,1.0,3.0,0,5.0,4.0,4.0,1.0,0,1,0,0,0
B224櫻花邊間裝潢三房坡車,行義路,0,0,0,0,1,0,0,0,0,0,0,0,139.0,0,3.0,2.0,2.0,3.0,0,7.0,2.0,2.0,1.0,0,1,0,0,0
B295皇家御泉優質三房電梯宅,新民路,0,0,0,0,1,0,0,0,0,0,0,0,159.0,0,3.0,2.0,2.0,3.0,0,6.0,2.0,2.0,1.0,0,1,0,0,0
新逸晴光電梯四房車,行義路,0,0,0,0,1,0,0,0,0,0,0,0,178.0,0,4.0,2.0,2.0,4.0,0,7.0,7.0,7.0,1.0,0,1,0,0,0
捷運全新裝潢電梯華廈,新民路,0,0,0,0,1,0,0,0,0,0,0,0,196.0,0,3.0,2.0,2.0,3.0,0,6.0,3.0,3.0,1.0,0,0,0,1,0
奇岩三房邊間採光綠景宅,公 路,0,0,0,0,1,0,0,0,0,0,0,0,218.0,0,4.0,3.0,3.0,4.0,0,5.0,5.0,5.0,1.0,0,1,0,0,0
新北投靜巷黃金二樓,中和街,0,0,0,0,1,0,0,0,0,0,0,0,44.0,0,3.0,2.0,2.0,3.0,0,4.0,2.0,2.0,1.0,0,1,0,0,0
天母聽濤園邊間三房美裝潢大戶,行義路,0,0,0,0,1,0,0,0,0,0,0,0,69.0,0,3.0,2.0,2.0,3.0,0,7.0,2.0,2.0,1.0,0,1,0,0,0
珠海特區精緻小別墅,翠宜路,0,0,0,0,1,0,0,0,0,0,0,0,90.0,0,4.0,3.0,3.0,4.0,0,4.0,2.0,2.0,1.0,0,1,0,0,0
崗山路商業用大空間,崗山路,0,0,0,0,1,0,0,0,0,0,0,0,115.0,0,,,,,0,5.0,-1.0,-1.0,1.0,0,0,0,0,0
秀山段土地,秀山段二小段,0,0,0,0,1,0,0,0,0,0,0,0,25.0,0,,,,,0,0.0,0.0,0.0,1.0,0,0,0,0,0
B299石牌學區邊間三房車,行義路,0,0,0,0,1,0,0,0,0,0,0,0,152.0,0,3.0,2.0,2.0,3.0,0,5.0,3.0,3.0,1.0,0,1,0,0,0
北投鄉林玉川溫泉渡假宅Ⅱ,溫泉路,0,0,0,0,1,0,0,0,0,0,0,0,174.0,0,,,,,0,5.0,5.0,5.0,1.0,0,1,0,0,0
雙捷運機能美宅,一德街,0,0,0,0,1,0,0,0,0,0,0,0,187.0,0,,2.0,1.0,,0,4.0,4.0,4.0,1.0,0,1,0,0,0
E12 甲桂林明亮3房,中山北路七段,0,0,0,0,1,0,0,0,0,0,0,0,212.0,0,3.0,2.0,2.0,3.0,0,7.0,2.0,2.0,1.0,0,1,0,0,0
關渡平原景觀美廈,承德路七段,0,0,0,0,1,0,0,0,0,0,0,0,232.0,0,3.0,2.0,2.0,3.0,0,7.0,6.0,6.0,1.0,0,1,0,0,0
鄉林大境2房名邸,行義路,0,0,0,0,1,0,0,0,0,0,0,0,42.0,0,2.0,2.0,1.0,2.0,0,5.0,2.0,2.0,1.0,0,1,0,0,0
B307捷運面公園電梯三房車,西安街二段,0,0,0,0,1,0,0,0,0,0,0,0,69.0,0,3.0,2.0,1.0,3.0,0,6.0,3.0,3.0,1.0,0,1,0,0,0
天母天墅景觀宅,天母西路,0,0,0,0,1,0,0,0,0,0,0,0,99.0,0,4.0,2.0,4.0,4.0,0,23.0,4.0,4.0,1.0,0,1,0,0,0
正北士科首購精選,北科路,0,0,0,0,1,0,0,0,0,0,0,0,123.0,0,2.0,2.0,1.0,2.0,0,9.0,3.0,3.0,1.0,0,1,0,0,0
奇岩路華廈4房1樓+車位,奇岩路,0,0,0,0,1,0,0,0,0,0,0,0,144.0,1,4.0,2.0,3.0,4.0,0,5.0,1.0,1.0,1.0,0,0,0,1,0
專任-北投稀有持分商一建地,關渡段三小段,0,0,0,0,1,0,0,0,0,0,0,0,19.0,0,,,,,0,,,,,0,0,0,0,0
湯布院溫馨電梯美套,新民路,0,0,0,0,1,0,0,0,0,0,0,0,182.0,0,1.0,1.0,1.0,1.0,0,10.0,3.0,3.0,1.0,0,1,0,0,0
輝達概念宅天母哲學之道高樓大戶,石牌路二段,0,0,0,0,1,0,0,0,0,0,0,0,205.0,0,4.0,3.0,3.0,4.0,0,14.0,11.0,11.0,1.0,0,1,0,0,0
北投中和街精美大三房,中和街,0,0,0,0,1,0,0,0,0,0,0,0,230.0,0,5.0,3.0,3.0,5.0,0,5.0,5.0,5.0,1.0,0,1,0,0,0
近家樂福有庭院拉皮透天,秀山路,0,0,0,0,1,0,0,0,0,0,0,0,243.0,0,,2.0,2.0,,0,2.0,1.0,2.0,2.0,0,0,0,0,1
昇陽3+1房雙車位,同德街,0,0,0,0,1,0,0,0,0,0,0,0,44.0,1,3.0,2.0,2.0,3.0,0,7.0,6.0,6.0,1.0,0,1,0,0,0
樹山丘A區B6露台戶三房,稻香路,0,0,0,0,1,0,0,0,0,0,0,0,70.0,0,3.0,2.0,2.0,3.0,0,5.0,3.0,3.0,1.0,0,1,0,0,0
樹山丘A區A8二房,稻香路,0,0,0,0,1,0,0,0,0,0,0,0,86.0,0,2.0,2.0,1.0,2.0,0,5.0,2.0,2.0,1.0,0,1,0,0,0
石牌學區捷運美三房$,致遠一路二段,0,0,0,0,1,0,0,0,0,0,0,0,108.0,0,3.0,2.0,2.0,3.0,0,5.0,4.0,4.0,1.0,0,1,0,0,0
P011捷運薇閣電梯四房坡車,大業路,0,0,0,0,1,0,0,0,0,0,0,0,131.0,0,4.0,2.0,3.0,4.0,0,9.0,7.0,7.0,1.0,0,1,0,0,0
首購台北市2房車位-築尚,知行路,0,0,0,0,1,0,0,0,0,0,0,0,154.0,1,2.0,1.0,1.0,2.0,0,10.0,5.0,5.0,1.0,0,1,0,0,0
白宮山莊大土地別墅,復興三路,0,0,0,0,1,0,0,0,0,0,0,0,177.0,0,3.0,5.0,4.0,3.0,0,2.0,1.0,2.0,2.0,0,1,0,0,0
樹山丘綠意三房車,稻香路,0,0,0,0,1,0,0,0,0,0,0,0,70.0,0,3.0,2.0,1.0,3.0,0,5.0,3.0,3.0,1.0,0,1,0,0,0
樹山丘露臺3房車B06,稻香路,0,0,0,0,1,0,0,0,0,0,0,0,70.0,0,3.0,2.0,1.0,3.0,0,5.0,3.0,3.0,1.0,0,1,0,0,0
專任湯布院挑高一樓附車位,新民路,0,0,0,0,1,0,0,0,0,0,0,0,221.0,1,2.0,2.0,2.0,2.0,0,10.0,1.0,1.0,1.0,0,1,0,0,0
鄉林玉川豪景溫泉宅雙車,溫泉路,0,0,0,0,1,0,0,0,0,0,0,0,42.0,0,,2.0,2.0,,0,5.0,2.0,2.0,1.0,0,1,0,0,0
P018宏普新邑高樓精裝美宅,三合街一段,0,0,0,0,1,0,0,0,0,0,0,0,71.0,0,1.0,2.0,2.0,1.0,0,9.0,6.0,6.0,1.0,0,1,0,0,0
B315同德社區一樓美寓,同德街,0,0,0,0,1,0,0,0,0,0,0,0,94.0,0,3.0,2.0,2.0,3.0,0,5.0,1.0,1.0,1.0,0,1,0,0,0
復興高中庭院別墅,大屯路,0,0,0,0,1,0,0,0,0,0,0,0,120.0,0,10.0,4.0,5.0,10.0,0,3.0,-1.0,3.0,5.0,0,1,0,0,0
雲天美好拾光,溫泉路,0,0,0,0,1,0,0,0,0,0,0,0,145.0,0,1.0,1.0,1.0,1.0,0,13.0,6.0,6.0,1.0,0,1,0,0,0
B319虹橋低總景觀小宅,泉源路,0,0,0,0,1,0,0,0,0,0,0,0,164.0,0,1.0,1.0,1.0,1.0,0,7.0,7.0,7.0,1.0,0,1,0,0,0
復興公園低總價邊間三樓,復興一路,0,0,0,0,1,0,0,0,0,0,0,0,178.0,0,2.0,2.0,1.0,2.0,0,3.0,3.0,3.0,1.0,0,1,0,0,0
B300石牌捷運燙金置產小宅,石牌路一段,0,0,0,0,1,0,0,0,0,0,0,0,206.0,0,1.0,,1.0,1.0,0,7.0,4.0,4.0,1.0,0,0,0,0,0
奇岩捷運站前高投報建地,,0,0,0,0,1,0,0,0,0,0,0,0,25.0,0,,,,,0,25.0,25.0,25.0,1.0,0,0,0,0,0
B255土地大商三黑土屋,光明路,0,0,0,0,1,0,0,0,0,0,0,0,234.0,0,2.0,1.0,1.0,2.0,0,1.0,1.0,1.0,1.0,0,1,0,0,0
窗映綠境·鉑玉靜謐,石牌路二段,0,0,0,0,1,0,0,0,0,0,0,0,43.0,0,2.0,2.0,2.0,2.0,0,11.0,6.0,6.0,1.0,0,1,0,0,0
B280陽大捷運車庫透天,致遠三路,0,0,0,0,1,0,0,0,0,0,0,0,61.0,0,4.0,3.0,3.0,4.0,0,2.0,1.0,2.0,2.0,0,0,0,0,1
神隱村(5D)-溫泉養生宅,溫泉路,0,0,0,0,1,0,0,0,0,0,0,0,98.0,0,1.0,2.0,2.0,1.0,0,5.0,5.0,5.0,1.0,0,1,0,0,0
神隱村(5C)-溫泉養生宅,溫泉路,0,0,0,0,1,0,0,0,0,0,0,0,98.0,0,1.0,2.0,2.0,1.0,0,5.0,5.0,5.0,1.0,0,1,0,0,0
璞園心地居四房雙車,懷德街,0,0,0,0,1,0,0,0,0,0,0,0,127.0,0,4.0,2.0,2.0,4.0,0,13.0,9.0,9.0,1.0,0,1,0,0,0
薇閣御之泉兩房湯屋,中和街,0,0,0,0,1,0,0,0,0,0,0,0,147.0,0,2.0,2.0,2.0,2.0,0,13.0,9.0,9.0,1.0,0,1,0,0,0
B296石牌學區捷運置產小宅,石牌路一段,0,0,0,0,1,0,0,0,0,0,0,0,169.0,0,1.0,1.0,1.0,1.0,0,7.0,4.0,4.0,1.0,0,0,0,0,0
K509古京華廈美宅,中和街,0,0,0,0,1,0,0,0,0,0,0,0,188.0,0,1.0,2.0,1.0,1.0,0,5.0,5.0,5.0,1.0,0,0,0,1,0
B288北投好市多旁景觀別墅,聖景路,0,0,0,0,1,0,0,0,0,0,0,0,210.0,0,4.0,4.0,4.0,4.0,0,2.0,1.0,2.0,2.0,0,1,0,0,0
北投別墅,溫泉路,0,0,0,0,1,0,0,0,0,0,0,0,223.0,0,5.0,3.0,3.0,5.0,0,2.0,1.0,2.0,2.0,0,1,0,0,0
北投全新裝潢一樓,中和街,0,0,0,0,1,0,0,0,0,0,0,0,43.0,0,3.0,2.0,2.0,3.0,0,3.0,1.0,1.0,1.0,0,1,0,0,0
P001捷運國泰華威景觀2房車,大業路,0,0,0,0,1,0,0,0,0,0,0,0,71.0,0,,,,,0,24.0,18.0,18.0,1.0,0,1,0,0,0
石牌學區捷運屋況優3房,實踐街,0,0,0,0,1,0,0,0,0,0,0,0,84.0,0,3.0,2.0,2.0,3.0,0,4.0,4.0,4.0,1.0,0,1,0,0,0
榮華特區美宅配車,榮華一路,0,0,0,0,1,0,0,0,0,0,0,0,117.0,0,1.0,,1.0,1.0,0,5.0,3.0,3.0,1.0,0,1,0,0,0
P002捷運國泰華威景觀3房車,大業路,0,0,0,0,1,0,0,0,0,0,0,0,133.0,0,,,,,0,24.0,18.0,18.0,1.0,0,1,0,0,0
國泰雍萃高樓3房車位,文林北路,0,0,0,0,1,0,0,0,0,0,0,0,155.0,1,3.0,2.0,2.0,3.0,0,26.0,11.0,11.0,1.0,0,1,0,0,0
B286北投薇閣特區車庫別墅,西園街,0,0,0,0,1,0,0,0,0,0,0,0,169.0,0,4.0,3.0,3.0,4.0,0,2.0,1.0,2.0,2.0,0,1,0,0,0
樹山丘A區A6露台戶三房,稻香路,0,0,0,0,1,0,0,0,0,0,0,0,198.0,0,3.0,2.0,2.0,3.0,0,5.0,2.0,2.0,1.0,0,1,0,0,0
樹山丘A區B1露台戶三房,稻香路,0,0,0,0,1,0,0,0,0,0,0,0,211.0,0,3.0,2.0,2.0,3.0,0,5.0,1.0,1.0,1.0,0,1,0,0,0
樹山丘A區A11露台戶三房,稻香路,0,0,0,0,1,0,0,0,0,0,0,0,198.0,0,3.0,2.0,2.0,3.0,0,5.0,1.0,1.0,1.0,0,1,0,0,0
樹山丘A區B9露台美裝二房,稻香路,0,0,0,0,1,0,0,0,0,0,0,0,44.0,0,2.0,2.0,1.0,2.0,0,5.0,1.0,1.0,1.0,0,1,0,0,0
北士科土地持分大透天,文林北路,0,0,0,0,1,0,0,0,0,0,0,0,73.0,0,5.0,2.0,3.0,5.0,0,2.0,1.0,2.0,2.0,0,0,0,0,1
新北投觀光商業區金店面,中和街,0,0,0,0,1,0,0,0,0,0,0,0,99.0,0,,,,,0,17.0,1.0,1.0,1.0,0,0,0,0,0
北士科&宏普陽明面公園邊間三房+車位,北科路,0,0,0,0,1,0,0,0,0,0,0,0,120.0,1,3.0,2.0,2.0,3.0,0,14.0,7.0,7.0,1.0,0,1,0,0,0
北士科&宏普陽明邊間大三房+車位,北科路,0,0,0,0,1,0,0,0,0,0,0,0,134.0,1,3.0,2.0,2.0,3.0,0,14.0,6.0,6.0,1.0,0,1,0,0,0
北士科一級全棟店面,石牌路一段,0,0,0,0,1,0,0,0,0,0,0,0,154.0,0,,,,,0,2.0,1.0,2.0,2.0,0,0,0,0,0
基泰明德景觀電梯房,懷德街,0,0,0,0,1,0,0,0,0,0,0,0,175.0,0,3.0,2.0,2.0,3.0,0,12.0,6.0,6.0,1.0,0,1,0,0,0
北士科景觀四室雙車,中央南路一段,0,0,0,0,1,0,0,0,0,0,0,0,201.0,0,,2.0,2.0,,0,15.0,10.0,10.0,1.0,0,0,0,0,0
樹山丘兩房露台車II,稻香路,0,0,0,0,1,0,0,0,0,0,0,0,220.0,0,2.0,2.0,1.0,2.0,0,5.0,1.0,1.0,1.0,0,1,0,0,0
公園大院.景觀三房車,中和街,0,0,0,0,1,0,0,0,0,0,0,0,240.0,0,3.0,2.0,5.0,3.0,0,14.0,12.0,12.0,1.0,0,1,0,0,0
新北投捷運三角金店面,永興路一段,0,0,0,0,1,0,0,0,0,0,0,0,42.0,0,,,1.0,,0,7.0,1.0,1.0,1.0,0,0,0,0,0
石牌捷運土地56.27優質透天,石牌路一段,0,0,0,0,1,0,0,0,0,0,0,0,59.0,0,3.0,2.0,3.0,3.0,0,2.0,1.0,2.0,2.0,0,0,0,0,1
B311昇陽麗鉑邊間三房坡車,石牌路二段,0,0,0,0,1,0,0,0,0,0,0,0,93.0,0,3.0,2.0,2.0,3.0,0,14.0,5.0,5.0,1.0,0,1,0,0,0
樹山丘捷運大露臺車B09,稻香路,0,0,0,0,1,0,0,0,0,0,0,0,117.0,0,2.0,2.0,1.0,2.0,0,5.0,1.0,1.0,1.0,0,1,0,0,0
❤復興崗站歐洲花城都更寓,中央北路三段,0,0,0,0,1,0,0,0,0,0,0,0,140.0,0,,,,,0,5.0,1.0,1.0,1.0,0,0,0,0,0
B312昇陽麗鉑高樓三房坡車,石牌路二段,0,0,0,0,1,0,0,0,0,0,0,0,153.0,0,3.0,2.0,2.0,3.0,0,14.0,7.0,7.0,1.0,0,1,0,0,0
樹山丘捷運2房車車B08,稻香路,0,0,0,0,1,0,0,0,0,0,0,0,164.0,0,2.0,2.0,1.0,2.0,0,5.0,2.0,2.0,1.0,0,1,0,0,0
公園大院.景觀三房車,中和街,0,0,0,0,1,0,0,0,0,0,0,0,185.0,0,3.0,2.0,5.0,3.0,0,14.0,12.0,12.0,1.0,0,1,0,0,0
石牌捷運站都更透天厝,石牌路一段,0,0,0,0,1,0,0,0,0,0,0,0,59.0,0,4.0,3.0,2.0,4.0,0,2.0,1.0,2.0,2.0,0,0,0,0,1
畔溪壹品,天母西路,0,0,0,0,1,0,0,0,0,0,0,0,217.0,0,3.0,2.0,4.0,3.0,0,12.0,3.0,3.0,1.0,0,1,0,0,0
A01懷德面寬店辦,懷德街,0,0,0,0,1,0,0,0,0,0,0,0,42.0,0,,2.0,1.0,,0,7.0,1.0,1.0,1.0,0,0,0,0,0
樹山丘兩房露台車I,稻香路,0,0,0,0,1,0,0,0,0,0,0,0,73.0,0,2.0,2.0,1.0,2.0,0,5.0,1.0,1.0,1.0,0,1,0,0,0
新北投都更屋,珠海路,0,0,0,0,1,0,0,0,0,0,0,0,87.0,0,3.0,1.0,1.0,3.0,0,4.0,,,,0,1,0,0,0
吉星兩房全新件,溫泉路,0,0,0,0,1,0,0,0,0,0,0,0,120.0,0,2.0,1.0,1.0,2.0,0,7.0,2.0,2.0,1.0,0,1,0,0,0
日光溫泉社區一樓,泉源路,0,0,0,0,1,0,0,0,0,0,0,0,140.0,0,3.0,2.0,1.0,3.0,0,5.0,1.0,1.0,1.0,0,1,0,0,0
獨賣雙語學區電梯景觀三房,文化三路,0,0,0,0,1,0,0,0,0,0,0,0,161.0,0,3.0,2.0,2.0,3.0,0,7.0,6.0,6.0,1.0,0,1,0,0,0
*甲桂林景觀三房$,中山北路七段,0,0,0,0,1,0,0,0,0,0,0,0,181.0,0,3.0,2.0,2.0,3.0,0,7.0,4.0,4.0,1.0,0,1,0,0,0
同德低總價大空間鼎加,同德街,0,0,0,0,1,0,0,0,0,0,0,0,203.0,0,5.0,3.0,3.0,5.0,0,5.0,5.0,5.0,1.0,0,1,0,0,0
B59泉源芬多精大土地別墅,泉源路,0,0,0,0,1,0,0,0,0,0,0,0,225.0,0,11.0,5.0,11.0,11.0,0,2.0,-2.0,-2.0,1.0,0,1,0,0,0
文化國小雅寓3房,中央北路二段,0,0,0,0,1,0,0,0,0,0,0,0,246.0,0,3.0,2.0,1.0,3.0,0,5.0,4.0,4.0,1.0,0,1,0,0,0
P024奇岩捷運景觀鼎加美寓,公館路,0,0,0,0,1,0,0,0,0,0,0,0,30.0,0,5.0,3.0,3.0,5.0,0,4.0,4.0,4.0,1.0,0,1,0,0,0
復興崗捷運3房,中央北路二段,0,0,0,0,1,0,0,0,0,0,0,0,68.0,0,3.0,2.0,2.0,3.0,0,5.0,4.0,4.0,1.0,0,1,0,0,0
O30奇岩捷運電梯廠辦車位2樓,中央南路二段,0,0,0,0,1,0,0,0,0,0,0,0,94.0,1,,,,,0,25.0,2.0,2.0,1.0,0,0,0,0,0
O31奇岩捷運電梯廠辦車3樓,中央南路二段,0,0,0,0,1,0,0,0,0,0,0,0,94.0,0,,,,,0,25.0,3.0,3.0,1.0,0,0,0,0,0
北投泉源路透天休閒旅館,泉源路,0,0,0,0,1,0,0,0,0,0,0,0,123.0,0,10.0,5.0,10.0,10.0,0,2.0,-2.0,2.0,5.0,0,0,0,0,1
陽明山優美庭園樓中樓,湖山路一段,0,0,0,0,1,0,0,0,0,0,0,0,143.0,0,4.0,4.0,3.0,4.0,0,3.0,3.0,3.0,1.0,0,1,0,0,0
捷運吉星收租小套,溫泉路,0,0,0,0,1,0,0,0,0,0,0,0,166.0,0,1.0,,1.0,1.0,0,7.0,4.0,4.0,1.0,0,1,0,0,0
甲桂林精裝兩房,中山北路七段,0,0,0,0,1,0,0,0,0,0,0,0,188.0,0,2.0,2.0,1.0,2.0,0,7.0,4.0,4.0,1.0,0,1,0,0,0
關渡水鳥公園邊間一樓,關渡路,0,0,0,0,1,0,0,0,0,0,0,0,211.0,0,3.0,2.0,2.0,3.0,0,5.0,1.0,1.0,1.0,0,1,0,0,0
泉隱村山景悠悠美宅+車位,新民路,0,0,0,0,1,0,0,0,0,0,0,0,231.0,1,1.0,1.0,1.0,1.0,0,5.0,4.0,4.0,1.0,0,1,0,0,0
捷運約3分鐘電梯有車位,中央北路三段,0,0,0,0,1,0,0,0,0,0,0,0,44.0,1,3.0,2.0,2.0,3.0,0,7.0,3.0,3.0,1.0,0,1,0,0,0
神隱村神仙部落,溫泉路,0,0,0,0,1,0,0,0,0,0,0,0,68.0,0,1.0,2.0,2.0,1.0,0,5.0,5.0,5.0,1.0,0,1,0,0,0
近榮總抽籤車位邊間方正一樓,同德街,0,0,0,0,1,0,0,0,0,0,0,0,89.0,1,3.0,2.0,2.0,3.0,0,5.0,1.0,1.0,1.0,0,1,0,0,0
天母新城方正三房,天母西路,0,0,0,0,1,0,0,0,0,0,0,0,110.0,0,3.0,2.0,2.0,3.0,0,7.0,5.0,5.0,1.0,0,1,0,0,0
石牌雙學區3面採光鼎佳,尊賢街,0,0,0,0,1,0,0,0,0,0,0,0,124.0,0,,2.0,2.0,,0,4.0,4.0,4.0,1.0,0,1,0,0,0
預售-神隱村神仙部落溫泉養生宅,新民段一小段,0,0,0,0,1,0,0,0,0,0,0,0,68.0,0,1.0,2.0,2.0,1.0,0,5.0,5.0,5.0,1.0,0,1,0,0,0
神隱村神仙部落溫泉養生宅5D,新民段一小段,0,0,0,0,1,0,0,0,0,0,0,0,68.0,0,1.0,2.0,2.0,1.0,0,5.0,5.0,5.0,1.0,0,1,0,0,0
B317明德捷運優質美寓,明德路,0,0,0,0,1,0,0,0,0,0,0,0,172.0,0,3.0,2.0,2.0,3.0,0,5.0,2.0,2.0,1.0,0,1,0,0,0
捷運可樂小美宅白磺湯屋,光明路,0,0,0,0,1,0,0,0,0,0,0,0,195.0,0,,,,,0,12.0,5.0,5.0,1.0,0,0,0,0,0
石牌捷運優質學區收租套房,石牌路一段,0,0,0,0,1,0,0,0,0,0,0,0,218.0,0,1.0,,1.0,1.0,0,7.0,4.0,4.0,1.0,0,0,1,0,0
北士科明德莊美邸,明德路,0,0,0,0,1,0,0,0,0,0,0,0,43.0,0,,2.0,2.0,,0,15.0,1.0,1.0,1.0,0,1,0,0,0
稀有一F住. 辦. 店,懷德街,0,0,0,0,1,0,0,0,0,0,0,0,71.0,0,,,,,0,7.0,1.0,1.0,1.0,0,0,0,0,0
士北科兩房坡平車位,文林北路,0,0,0,0,1,0,0,0,0,0,0,0,95.0,1,2.0,2.0,1.0,2.0,0,23.0,19.0,19.0,1.0,0,1,0,0,0
全陽愛登堡景觀3房車位,東華街二段,0,0,0,0,1,0,0,0,0,0,0,0,120.0,1,3.0,2.0,2.0,3.0,0,14.0,9.0,9.0,1.0,0,1,0,0,0
遠雄山晴山景大戶雙車位,三合街一段,0,0,0,0,1,0,0,0,0,0,0,0,142.0,1,,2.0,3.0,,0,9.0,9.0,9.0,1.0,0,1,0,0,0
石牌面寬大空間一樓,自強街,0,0,0,0,1,0,0,0,0,0,0,0,165.0,0,3.0,3.0,1.0,3.0,0,4.0,1.0,1.0,1.0,0,1,0,0,0
榮華特區公園電梯3房,榮華一路,0,0,0,0,1,0,0,0,0,0,0,0,186.0,0,3.0,2.0,1.0,3.0,0,7.0,4.0,4.0,1.0,0,1,0,0,0
近榮總天母新城電梯三房,天母西路,0,0,0,0,1,0,0,0,0,0,0,0,207.0,0,3.0,2.0,2.0,3.0,0,7.0,6.0,6.0,1.0,0,1,0,0,0
B322文林北路靜巷一樓公寓,文林北路,0,0,0,0,1,0,0,0,0,0,0,0,220.0,0,5.0,3.0,1.0,5.0,0,3.0,1.0,1.0,1.0,1,0,0,0,0
北士科亮麗美寓,致遠一路一段,0,0,0,0,1,0,0,0,0,0,0,0,240.0,0,3.0,2.0,2.0,3.0,0,4.0,3.0,3.0,1.0,0,1,0,0,0
中和街品味一樓,中和街,0,0,0,0,1,0,0,0,0,0,0,0,44.0,0,3.0,3.0,2.0,3.0,0,4.0,1.0,1.0,1.0,0,1,0,0,0
B321捷運稀有榮華大戶三房車,榮華三路,0,0,0,0,1,0,0,0,0,0,0,0,72.0,0,3.0,2.0,2.0,3.0,0,7.0,4.0,4.0,1.0,0,1,0,0,0
B69明德核心景觀坡平豪邸,明德路,0,0,0,0,1,0,0,0,0,0,0,0,93.0,0,,,,,0,9.0,9.0,9.0,1.0,0,1,0,0,0
知行路透天店面,知行路,0,0,0,0,1,0,0,0,0,0,0,0,108.0,0,,,,,0,2.0,1.0,2.0,2.0,0,0,0,0,1
國泰漂亮透天屋,中和街,0,0,0,0,1,0,0,0,0,0,0,0,131.0,0,5.0,2.0,3.0,5.0,0,2.0,1.0,2.0,2.0,0,0,0,0,1
P022新北投景觀好宅露台戶,光明路,0,0,0,0,1,0,0,0,0,0,0,0,157.0,0,3.0,2.0,2.0,3.0,0,14.0,14.0,14.0,1.0,0,1,0,0,0
奇岩重劃旁美三房,公館路,0,0,0,0,1,0,0,0,0,0,0,0,180.0,0,3.0,2.0,1.0,3.0,0,11.0,6.0,6.0,1.0,0,1,0,0,0
B324奇岩尚禾淳可改三房配車,公館路,0,0,0,0,1,0,0,0,0,0,0,0,180.0,0,2.0,2.0,2.0,2.0,0,11.0,3.0,3.0,1.0,0,1,0,0,0
輝達宅‧宏普陽明景觀3房車,,0,0,0,0,1,0,0,0,0,0,0,0,210.0,0,3.0,2.0,2.0,3.0,0,14.0,11.0,11.0,1.0,0,1,0,0,0
士北科捷運美透天,致遠三路,0,0,0,0,1,0,0,0,0,0,0,0,225.0,0,4.0,2.0,2.0,4.0,0,2.0,1.0,2.0,2.0,0,0,0,0,1
V51風彩明亮一樓,中和街,0,0,0,0,1,0,0,0,0,0,0,0,41.0,0,3.0,3.0,2.0,3.0,0,4.0,1.0,1.0,1.0,0,1,0,0,0
B84士北科近捷運金店面,致遠一路一段,0,0,0,0,1,0,0,0,0,0,0,0,58.0,0,,1.0,1.0,,0,3.0,1.0,1.0,1.0,0,0,0,0,0
陽金公路面寬一樓(二),湖山路一段,0,0,0,0,1,0,0,0,0,0,0,0,89.0,0,,,1.0,,0,7.0,1.0,1.0,1.0,0,1,0,0,0
陽金公路面寬一樓(一),湖山路一段,0,0,0,0,1,0,0,0,0,0,0,0,104.0,0,,,1.0,,0,7.0,1.0,1.0,1.0,0,1,0,0,0
新北投日式溫馨空間,溫泉路,0,0,0,0,1,0,0,0,0,0,0,0,127.0,0,,1.0,1.0,,0,7.0,-1.0,-1.0,1.0,0,0,0,0,0
樹山丘綠海建築3房＋車位,稻香路,0,0,0,0,1,0,0,0,0,0,0,0,150.0,1,3.0,2.0,2.0,3.0,0,5.0,5.0,5.0,1.0,0,1,0,0,0
北投散步泡湯雅典溫馨套房,中山路,0,0,0,0,1,0,0,0,0,0,0,0,170.0,0,1.0,1.0,1.0,1.0,0,7.0,2.0,2.0,1.0,0,0,1,0,0
關渡平原持分農地(小),豐年段一小段,0,0,0,0,1,0,0,0,0,0,0,0,19.0,0,,,,,0,,,,,0,0,0,0,0
稀有完整方正公設地,,0,0,0,0,1,0,0,0,0,0,0,0,19.0,0,,,,,0,,,,,0,0,0,0,0
未來輝達為鄰稀有超值農地,豐年段一小段,0,0,0,0,1,0,0,0,0,0,0,0,19.0,0,,,,,0,,,,,0,0,0,0,0
※薇閣※稀有高樓三房露台戶,復興二路,0,0,0,0,1,0,0,0,0,0,0,0,42.0,0,3.0,2.0,2.0,3.0,0,12.0,10.0,10.0,1.0,0,1,0,0,0
北投景觀溫泉小屋,光明路,0,0,0,0,1,0,0,0,0,0,0,0,71.0,0,1.0,1.0,1.0,1.0,0,12.0,4.0,4.0,1.0,0,0,0,0,0
正馬路邊!置產公設地!,,0,0,0,0,1,0,0,0,0,0,0,0,19.0,0,,,,,0,,,,,0,0,0,0,0
C52泉源路低總美寓,泉源路,0,0,0,0,1,0,0,0,0,0,0,0,109.0,0,2.0,2.0,1.0,2.0,0,5.0,4.0,4.0,1.0,0,1,0,0,0
專約-陽明山優美農地誠意出價談,,0,0,0,0,1,0,0,0,0,0,0,0,19.0,0,,,,,0,,,,,0,0,0,0,0
北士科關渡平原農地,豐年段二小段,0,0,0,0,1,0,0,0,0,0,0,0,19.0,0,,,,,0,,,,,0,0,0,0,0
北投國中精品三房富車位,民族街,0,0,0,0,1,0,0,0,0,0,0,0,153.0,1,3.0,2.0,2.0,3.0,0,5.0,4.0,4.0,1.0,0,1,0,0,0
關渡捷運面公園美寓,知行路,0,0,0,0,1,0,0,0,0,0,0,0,175.0,0,3.0,2.0,1.0,3.0,0,5.0,5.0,5.0,1.0,0,1,0,0,0
北投安靜兩房養生溫泉公寓,溫泉路,0,0,0,0,1,0,0,0,0,0,0,0,188.0,0,2.0,2.0,1.0,2.0,0,4.0,3.0,3.0,1.0,1,0,0,0,0
北投樹林路住二建地,樹林路,0,0,0,0,1,0,0,0,0,0,0,0,19.0,0,,,,,0,,,,,0,0,0,0,0
獨家-陽明山適遊憩景觀臨路農地,,0,0,0,0,1,0,0,0,0,0,0,0,19.0,0,,,,,0,,,,,0,0,0,0,0
捷運溫泉都好近之北投二房,泉源路,0,0,0,0,1,0,0,0,0,0,0,0,61.0,0,2.0,2.0,1.0,2.0,0,5.0,4.0,4.0,1.0,0,1,0,0,0
關渡平原持分農地(大),豐年段一小段,0,0,0,0,1,0,0,0,0,0,0,0,19.0,0,,,,,0,,,,,0,0,0,0,0
石牌捷運低樓層美寓,吉利街,0,0,0,0,1,0,0,0,0,0,0,0,88.0,0,2.0,1.0,2.0,2.0,0,4.0,3.0,3.0,1.0,0,1,0,0,0
北投景觀裝潢屋,新民路,0,0,0,0,1,0,0,0,0,0,0,0,117.0,0,3.0,2.0,2.0,3.0,0,7.0,4.0,4.0,1.0,0,1,0,0,0
陽明山庭院壹樓,湖山路一段,0,0,0,0,1,0,0,0,0,0,0,0,140.0,0,5.0,3.0,4.0,5.0,0,3.0,1.0,1.0,1.0,0,1,0,0,0
近石牌國中套房穩定出租用,石牌路一段,0,0,0,0,1,0,0,0,0,0,0,0,158.0,0,1.0,1.0,1.0,1.0,0,7.0,4.0,4.0,1.0,0,0,1,0,0
