物件編號,物件名稱,地址,格局,坪數,樓層,屋齡,類型,價格
ZS200742,民生社區四房美廈,松山區民生東路五段,4房(室)2廳2衛,42坪,5/15樓,36年,住宅,25萬
WS70605,J8南京巨蛋低公設純辦,松山區南京東路五段,--房(室)1廳--衛,72坪,8/12樓,65年,辦公,57萬
WS71719,台北摩根後棟邊間原始2房,松山區南京東路五段,1房(室)1廳1衛,95坪,7/18樓,89年,住宅,84萬
WS71965,D4近松山機場民權東兩房,松山區民權東路三段,2房(室)2廳2衛,60坪,7/12樓,112年,住宅,107萬
MS116463,驚喜價國際級夜市優質店面,松山區八德路四段,--房(室)3廳2衛,141坪,B1-1/12樓,135年,店面,129萬
WS36919,建築賞山河景觀樓中樓,松山區八德路四段,3房(室)4廳3衛,165坪,14/14樓,159年,住宅,154萬
WS71367,BZ8台北摩根｜輕奢品味宅,松山區南京東路五段,1房(室)1廳1衛,179坪,7/18樓,89年,住宅,176萬
WS71477,雙敦樹海電梯採光鼎佳,松山區敦化南路一段,4房(室)3廳3衛,201坪,7/7樓,196年,住宅,191萬
ZS177288,B2地上權松山露台兩房戶,松山區南京東路五段,1房(室)1廳1衛,221坪,2/3樓,216年,住宅,212萬
WS42682,民生邊間大戶美廈,松山區民生東路五段,4室2廳2衛,42坪,5/15樓,36年,住商,25萬
WS50250,民生社區林蔭頂佳,松山區民權東路五段,5房(室)3廳3衛,42坪,5/5樓,35年,住宅,26萬
WS69349,民生社區高樓山景四房,松山區民生東路五段,4房(室)2廳2衛,72坪,13/15樓,66年,住宅,58萬
WS71050,南京三民摩根稀有小宅,松山區南京東路五段,1房(室)1廳1衛,96坪,7/18樓,91年,住宅,84萬
WS69068,松山新城樹景4房車,松山區健康路,4房(室)2廳2衛,119坪,3/13樓,113年,住宅,108萬
WS69624,富春花園電梯3房,松山區敦化北路,3房(室)2廳2衛,143坪,2/7樓,137年,住宅,131萬
ZS164661,復北民權商辦,松山區復興北路,OPEN,167坪,13/15樓,161年,辦公,155萬
WS42074,K5收租王｜南京三民3百米,松山區南京東路五段,5房(室)--廳5衛,189坪,5/12樓,182年,住宅,25萬
WS44538,南京三民邊間4房+車位,松山區吉祥路,4房(室)2廳2衛,208坪,4/7樓,203年,住宅,199萬
ZS182833,K9合法隔套｜南京三民華廈,松山區寶清街,5房3廳3衛3陽(加蓋1房1廳1衛),228坪,7/7樓,222年,住宅,178萬
YS137753,南京三民挑高一樓,松山區南京東路五段,3房(室)2廳1衛,253坪,1/6樓,245年,住宅,240萬
ZS179891,民生重劃區美妝一樓,松山區民權東路三段,6房(室)4廳4衛,44坪,B1-1/7樓,37年,住宅,26萬
WS70765,碧硯閣高樓三房+車位,松山區三民路,3房(室)2廳2衛,71坪,13/24樓,66年,住宅,58萬
WS71251,F5民生社區稀有採光雅寓,松山區新東街,3房(室)2廳2衛,93坪,4/4樓,88年,住宅,83萬
YS173322,小巨蛋捷運美住辦,松山區八德路三段,3房2廳2衛1室,118坪,2/12樓,112年,住商,105萬
WS45726,敦化介壽全新美裝潢四房+車位,松山區八德路三段,4房(室)2廳2衛,118坪,2/12樓,112年,住商,105萬
ZS199991,光北京華二樓,松山區光復北路,--房(室)5廳1衛,150坪,2/12樓,112年,住宅,139萬
WS70609,民權三民邊間四房,松山區民權東路五段,4房(室)3廳3衛,172坪,4/4樓,167年,住宅,163萬
WS47372,南京三民一層一戶住辦,松山區基隆路一段,5房(室)1廳2衛,193坪,9/12樓,188年,辦公,182萬
XS108602,復北收租金店,松山區復興北路,--房(室)1廳1衛,221坪,1/14樓,214年,店面,207萬
WS28620,雙敦近捷運電梯四房,松山區南京東路四段,4房(室)2廳2衛,239坪,4/12樓,234年,住宅,231萬
WS35324,【復興站｜雙敦學區・微風咫尺】,松山區八德路二段,1房(室)2廳1衛,46坪,2/14樓,38年,住宅,26萬
ZS183001,民生社區綠意朝南壹樓,松山區三民路,4房(室)2廳2衛,64坪,1/4樓,69年,住宅,61萬
QS29307,南京三民捷運民生社區店面,松山區三民路,3房(室)2廳1衛,97坪,1/4樓,90年,住宅,87萬
ZS189180,敦化民生雷諾名廈坡車,松山區民生東路三段,4房(室)2廳2衛,119坪,5/12樓,114年,住宅,107萬
ZS190092,A7翔譽101煙火景觀戶,松山區八德路四段,1房(室)1廳1衛,143坪,4/13樓,136年,住宅,131萬
WS50523,【敦化站｜雙敦學區．黃金三樓】,松山區八德路三段,3房(室)2廳2衛,167坪,3/4樓,161年,住宅,156萬
CS173239,松山機場旁敦北翠苑邊間三房車,松山區敦化北路,3房(室)2廳2衛,189坪,11/12樓,183年,住宅,179萬
WS58035,BZ7松山捷運｜低總置產宅,松山區八德路四段,開放式,209坪,2/14樓,204年,住宅,201萬
WS47503,敦北映虹園電梯3房,松山區民族東路,3房2廳4衛3陽台,230坪,2/7樓,225年,住宅,220萬
WS68428,名人世界高樓４房,松山區民生東路五段,4房(室)2廳2衛,252坪,13/15樓,246年,住宅,242萬
WS69790,民生社區好宅景觀戶,松山區民生東路五段,1房(室)1廳1衛,41坪,14/15樓,35年,住宅,25萬
WS69865,中工碧硯閣三房車位,松山區三民路,3房(室)2廳2衛,65坪,6/24樓,61年,住宅,54萬
WS60107,南京三民公寓3樓,松山區南京東路五段,3房(室)2廳1衛,92坪,3/4樓,86年,住宅,79萬
WS56370,A7全新｜嘉磐101,松山區八德路,1房(室)1廳1衛,117坪,7/12樓,11年,住宅,106萬
WS58037,BZ7松山捷運｜擁財庫旺宅,松山區八德路四段,開放式,140坪,2/14樓,135年,住商,129萬
WS61635,F13松山稀有4米2高樓成家,松山區八德路四段,1房2廳1衛、加蓋2房2室,163坪,8/13樓,157年,住宅,152萬
WS60480,敦北小巨蛋三房美宅附車位,松山區敦化北路,3房(室)2廳2衛,187坪,11/12樓,180年,住宅,176萬
WS62774,民生綠蔭電梯美三房,松山區民生東路五段,3房(室)2廳2衛,205坪,5/7樓,201年,住宅,197萬
WS65765,中山國中站電梯三房,松山區民族東路,3房(室)2廳2衛,225坪,4/7樓,220年,住宅,217萬
WS60117,民生公園二樓,松山區民生東路五段,3房(室)2廳1衛,243坪,2/4樓,238年,住宅,236萬
WS69033,D3雙敦璞真久石讓首席戶,松山區南京東路四段,2房(室)2廳2衛,43坪,8/15樓,36年,住宅,26萬
WS69041,D3雙敦璞真久石讓帝王雙併,松山區南京東路四段,4房(室)2廳2衛,60坪,8/15樓,36年,住宅,55萬
WS69038,D3雙敦璞真久石讓總裁戶,松山區南京東路四段,2房(室)1廳2衛,76坪,8/15樓,36年,住宅,68萬
WS53542,小巨蛋雙敦雙車帷幕商辦,松山區延吉街,OPEN,100坪,4/7樓,94年,辦公,86萬
WS56956,中山國中捷運超實用大空間七樓,松山區民族東路,3房(室)2廳2衛,123坪,7/7樓,117年,住宅,112萬
YS195460,大面寬邊間稀有2樓釋出,松山區民族東路,3房(室)2廳2衛,136坪,2/4樓,139年,住宅,135萬
ZS174960,民生社區大戶美寓,松山區民生東路四段,4房(室)2廳1衛,164坪,3/4樓,160年,住宅,155萬
MS117703,驚喜價｜敦北金融特區住辦,松山區敦化北路,4房(室)2廳2衛,187坪,2/12樓,181年,住商,176萬
WS39338,南京三民樓中樓鼎佳附車,松山區八德路四段,2房2廳2衛1室加蓋1房1廳1衛2室,207坪,7/7樓,202年,住宅,198萬
MS136326,小巨蛋站雙敦學區｜敦北園中園,松山區北寧路,3房(室)2廳2衛,226坪,9/17樓,202年,住宅,217萬
YS187748,民權電梯華廈大空間,松山區民權東路三段,3房(室)2廳2衛,42坪,7/7樓,35年,住宅,26萬
ZS185668,復北興安亮麗店辦,松山區復興北路,開放式,72坪,1/14樓,65年,店面,56萬
WS46785,世田介精裝高樓,松山區敦化南路一段,1房(室)2廳2衛,97坪,10/12樓,91年,住宅,84萬
WS49191,國泰敦化名門頂家,松山區八德路三段,4房(室)3廳3衛,121坪,5/5樓,116年,住宅,109萬
WS68512,南京三民芝蘭名廈三房,松山區南京東路五段,3房(室)2廳2衛,142坪,4/7樓,136年,住宅,109萬
WS68436,雙敦南林蔭景觀大戶,松山區敦化南路一段,4房(室)2廳2衛,164坪,11/12樓,158年,住宅,154萬
ZS198685,松山精華地段|高樓層辦公,松山區南京東路五段,3房(室)--廳1衛,186坪,8/9樓,181年,住商,175萬
WS67220,K9南京商圈X電梯鼎王,松山區寶清街,6房(室)3廳3衛,207坪,7/7樓,201年,住宅,196萬
WS67912,逸仙名園電梯三房車,松山區光復南路,3房(室)2廳2衛,227坪,2/6樓,222年,住宅,217萬
WS67823,南京三民住辦獨棟華廈,松山區八德路四段,4房(室)2廳2衛,246坪,5/7樓,241年,住宅,238萬
WS68056,民生建成景觀套房,松山區民生東路五段,1房(室)--廳1衛,40坪,20/20樓,34年,住宅,25萬
WS23004,饒河塔式休旅車位,松山區八德路四段,--房(室)--廳--衛,19坪,1/14樓,63年,車位,55萬
WS50655,民生圓環名人裝潢3室,松山區民生東路五段,3室2廳2衛,87坪,7/15樓,83年,住宅,78萬
WS56198,新東街寬巷3+1房,松山區新東街,3+1房2廳2衛,108坪,4/5樓,104年,住宅,97萬
WS58824,太子敦園高樓雙車,松山區光復北路,3房(室)2廳2衛,129坪,7/11樓,124年,住宅,119萬
WS64581,DZ8南京復興｜雙敦學區宅,松山區八德路二段,2房(室)1廳1衛,151坪,13/14樓,145年,住宅,97萬
WS63984,BZ2南京三民信義星池高樓房車,松山區八德路四段,1房(室)1廳1衛,171坪,9/14樓,166年,住宅,162萬
WS64591,DZ8雙敦高樓稀有釋出,松山區光復南路,2房(室)2廳2衛,192坪,9/9樓,187年,住宅,182萬
WS63679,民生介壽美鼎家,松山區民生東路五段,5室3廳2衛,212坪,4/4樓,207年,住宅,203萬
WS64677,FZ5雙敦稀有庭院一樓,松山區光復南路,3房(室)2廳2衛,229坪,1/7樓,224年,住宅,222萬
WS63241,J6東區｜三角窗店面｜小巨蛋,松山區八德路三段,--房(室)1廳1衛,43坪,1/5樓,36年,店面,26萬
WS66370,雙敦•敦化雅極,松山區八德路二段,3房(室)2廳2衛,72坪,8/13樓,66年,住宅,58萬
WS65045,民生圓環邊間電梯四房,松山區民生東路五段,4室2廳2衛,92坪,8/20樓,88年,住宅,83萬
WS63002,南京三民電梯大戶,松山區南京東路五段,3室2廳2衛,115坪,6/14樓,110年,住宅,104萬
ZS197310,小巨蛋育達都更宅,松山區南京東路四段,3房(室)2廳2衛,139坪,2/4樓,133年,住宅,128萬
ZS197913,松山河景精品宅,松山區八德路四段,1房(室)1廳1衛,160坪,7/12樓,11年,住宅,150萬
WS66669,富錦街林蔭3+1房,松山區富錦街,3+1房2廳1衛,179坪,3/4樓,175年,住宅,170萬
XS66928,國泰民生新城富寓一樓,松山區延壽街,3房(室)2廳1衛,199坪,1/5樓,194年,住宅,128萬
WS67926,南京三民頂家美寓,松山區寶清街,5房(室)3廳2衛,221坪,4/4樓,215年,住宅,211萬
WS67300,雙敦學區八德透天,松山區八德路三段,2室3廳3衛,233坪,1-2/2樓,236年,住宅,231萬
OS219064,松河高樓觀2房+車位,松山區松河街,2房(室)2廳2衛,43坪,22/24樓,36年,住宅,26萬
WS68497,健康國小3房,松山區三民路,3房(室)2廳1衛,70坪,2/4樓,65年,住宅,56萬
WS59697,市中心超值停車塔,松山區八德路四段,車位,95坪,B1-1/9樓,90年,車位,83萬
WS71715,健安新城E區美3房,松山區三民路,3房2廳2衛2陽台,116坪,5/13樓,110年,住宅,105萬
WS71783,民生圓環都更席,松山區民生東路五段,OPEN,130坪,B1/7樓,135年,其他,128萬
WS72063,小巨蛋邊間學區3房,松山區南京東路四段,3房(室)2廳2衛,160坪,2/7樓,154年,住宅,150萬
YS197748,Y642松山新城第十區兩房,松山區健康路,2房(室)2廳1衛,182坪,4/13樓,176年,住宅,171萬
YS197750,Y643延壽國宅稀有釋出,松山區三民路,2房(室)2廳2衛,199坪,7/7樓,194年,住宅,192萬
WS71261,敦化介壽學區精裝坡車,松山區八德路三段,4室2廳2衛,218坪,2/12樓,213年,住宅,150萬
ZS200675,大空間名人大廈,松山區民生東路五段,4房(室)2廳2衛,241坪,5/15樓,235年,辦公,229萬
ZS200701,超美裝潢!民生社區低公設-四房,松山區民生東路五段,4房(室)2廳2衛,44坪,5/15樓,37年,住宅,26萬
ZS200707,名人邊間四房美廈,松山區民生東路五段,4房(室)2廳2衛,44坪,5/15樓,37年,住商,26萬
WS71574,$中崙京華景觀四房,松山區八德路四段,4房(室)2廳2衛,79坪,6/7樓,73年,住宅,67萬
YS197567,民生社區稀有大坪數質感3F,松山區塔悠路,3房(室)2廳2衛,104坪,3/4樓,98年,住宅,91萬
WS71857,小巨蛋捷運敦化學區宅,松山區寧安街,3房(室)2廳1衛,117坪,3/4樓,119年,住宅,114萬
WS71801,敦北琢賦豪邸,松山區敦化北路,OPEN,146坪,13/13樓,141年,住宅,135萬
ZS200788,雙敦三房美寓,松山區寧安街,3房(室)2廳1衛,117坪,3/4樓,119年,住宅,114萬
WS71755,民生社區美妝三房,松山區新東街,3房(室)2廳2衛,172坪,4/4樓,168年,住宅,165萬
WS72055,小巨蛋捷運敦化學區宅,松山區寧安街,3房(室)2廳1衛,117坪,3/4樓,119年,住宅,114萬
ZS200705,建成花園溫馨套房,松山區民生東路五段,1房(室)1廳1衛,197坪,10/20樓,191年,住商,186萬
OS223682,323南京復興站大兩房,松山區八德路二段,2房(室)1廳1衛,42坪,9/12樓,36年,住宅,25萬
ZS200784,松站商三收租美寓,松山區八德路四段,3房(室)2廳2衛,67坪,5/5樓,61年,住宅,55萬
WS71812,民生東路金店面,松山區民生東路五段,OPEN,81坪,1/4樓,86年,店面,79萬
YS196920,松山民生公園美寓,松山區撫遠街,5房(室)--廳5衛,105坪,4/4樓,108年,住商,102萬
QS22487,K024高興商辦風水宅,松山區基隆路一段,依現場實際情況為主,137坪,12/18樓,130年,住宅,125萬
WS37225,捷運氣派純辦大樓,松山區光復南路,2房(室)1廳--衛,163坪,6/12樓,156年,辦公,149萬
WS30568,❤都更雙敦香榭二房,松山區南京東路三段,2房(室)1廳1衛,189坪,4/7樓,182年,住宅,177萬
ZS187116,近東區黃金住辦,松山區延吉街,4房(室)1廳1衛,214坪,1/7樓,207年,住商,202萬
ZS190791,南京三民開窗邊間,松山區南京東路五段,2房(室)2廳1衛,238坪,2/15樓,232年,住商,226萬
ZS168488,南京三民電梯收租頂佳,松山區寶清街,6房(室)4廳4衛,261坪,7/7樓,254年,住宅,250萬
WS30757,光北面寬金店面+B1,松山區光復北路,3房(室)2廳3衛,45坪,B1-1/7樓,37年,店面,26萬
WS70712,敦南雙敦學區大氣派華廈,松山區敦化南路一段,3房(室)2廳2衛,67坪,2/7樓,63年,住宅,57萬
WS70275,松甲樹景明亮四房,松山區健康路,4房(室)2廳2衛,96坪,3/13樓,89年,住宅,80萬
WS33549,華南花園黃金店辦,松山區延吉街,4室1廳3衛,121坪,1/7樓,115年,辦公,109萬
ZS187292,延吉街燙金住辦,松山區延吉街,5房(室)1廳2衛,121坪,1/7樓,115年,住商,109萬
WS44719,民生社區撫遠三房美寓,松山區撫遠街,3房(室)2廳2衛,150坪,3/4樓,154年,住宅,149萬
ZS199985,捷運南京三民站｜電梯正一房一廳,松山區寶清街,1房(室)1廳1衛,182坪,6/11樓,176年,住宅,170萬
WS70784,潤泰三房車位帝王戶,松山區八德路四段,3房(室)2廳2衛,204坪,12/12樓,199年,住宅,194萬
WS71016,大巨蛋核心景觀宅,松山區市民大道五段,1房(室)1廳1衛,224坪,6/9樓,219年,住宅,215萬
WS70801,敦化介壽四室車,松山區八德路三段,4室/2廳/2衛,244坪,2/12樓,239年,住宅,235萬
WS71042,雙敦微風優質住辦,松山區復興南路一段,4房(室)2廳1衛,45坪,5/12樓,38年,辦公,26萬
WS71090,民權富錦頂樓邊間四房,松山區民權東路五段,4房(室)3廳2衛,72坪,4/4樓,65年,住宅,58萬
ZS200628,巨蛋景觀小資宅,松山區市民大道五段,1房(室)1廳1衛,95坪,5/9樓,89年,住宅,83萬
WS71632,正南京東大店面,松山區南京東路五段,開放式,106坪,1-2/12樓,110年,店面,104萬
ZS200517,01景觀邊間電梯頂家,松山區八德路三段,6房(室)3廳4衛,136坪,12/12樓,129年,住宅,26萬
WS29221,松山海華低總價店面,松山區民生東路五段,OPEN,160坪,1/16樓,155年,店面,149萬
WS35351,南京捷運超值辦公,松山區南京東路五段,開放式,182坪,6/15樓,175年,辦公,170萬
WS70808,敦北商圈一樓,松山區敦化北路,13房(室)2廳8衛,207坪,B1-1/7樓,201年,住宅,194萬
ZS164963,復北民權商辦II,松山區復興北路,OPEN,228坪,13/15樓,223年,辦公,218萬
ZS164959,復北民權商辦I,松山區復興北路,OPEN,241坪,13/15樓,223年,辦公,237萬
ZS164866,復興北民權捷運純辦I,松山區復興北路,OPEN,44坪,13/15樓,36年,辦公,26萬
XS125072,面公園LV(樓+樓),松山區八德路四段,3房(室)2廳1衛,70坪,2/13樓,64年,住宅,57萬
ZS180122,捷運帷幕大坪數保富商辦A,松山區復興北路,開放式,88坪,13/15樓,36年,辦公,83萬
ZS180126,捷運帷幕大坪數保富商辦B,松山區復興北路,開放式,99坪,13/15樓,36年,辦公,96萬
ZS186386,正南京東小巨蛋燙金商辦,松山區南京東路四段,OPEN,122坪,4/12樓,60年,辦公,110萬
WS45451,專約✨雙敦電梯三房(現況兩房),松山區南京東路三段,2房(室)2廳1.5衛,151坪,5/6樓,144年,住宅,136萬
WS54978,琴韻園邊間華廈3房,松山區南京東路四段,3房(室)2廳2衛,175坪,2/7樓,168年,住宅,164萬
ZS193337,廣合陽光5房景觀電梯美宅,松山區三民路,5房(室)2廳5衛,201坪,6/6樓,194年,住宅,189萬
WS61855,南京復興面公園人潮一樓+B1,松山區南京東路三段,2廳2衛,224坪,B1-1/7樓,218年,店面,213萬
WS42016,420南京三民電梯收租美屋,松山區寶清街,5房(室)2廳3衛,245坪,7/7樓,238年,住宅,234萬
WS41202,雙敦學區黃金店辦住壹樓,松山區延吉街,4房(室)2廳2衛,46坪,1/7樓,38年,店面,26萬
WS23508,敦化日式庭院金店,松山區敦化北路,OPEN,62坪,1/1樓,66年,住宅,60萬
QS39910,A626復興南路微風廣場旁金店面,松山區復興南路一段,依現場實際情況為主,96坪,1/4樓,89年,店面,83萬
WS69622,復北昇陽公寓鼎加,松山區復興北路,5房(室)2廳3衛,121坪,5/5樓,114年,住宅,108萬
WS69661,名人世界.24H保全.景觀.全,松山區民生東路五段,3房(室)2廳2衛,146坪,7/15樓,139年,住宅,133萬
WS70841,巨蛋文創景觀宅,松山區市民大道五段,1房(室)1廳1衛,170坪,5/9樓,165年,住宅,159萬
YS196817,饒河街透天店面,松山區饒河街,8房(室)--廳4衛,191坪,B1-4/4樓,186年,店面,180萬
WS70592,Y21南京三民捷運寶清街金店,松山區寶清街,2房(室)2廳2衛,213坪,1/11樓,207年,店面,202萬
WS70578,雙敦微風邊間明亮住辦,松山區復興南路一段,4室2廳2衛,236坪,5/12樓,230年,住商,225萬
WS70791,南京三民站面寬一樓店辦住,松山區南京東路五段,3房(室)1廳1衛,256坪,1/6樓,186年,住商,246萬
WS70830,南京三民站面寬一樓店辦住,松山區南京東路五段,3房(室)1廳1衛,43坪,1/6樓,36年,住商,26萬
ZS200532,寶清三角窗店面,松山區寶清街,1房(室)1廳1衛,60坪,1/4樓,36年,住商,58萬
ZS200543,雙敦面公園黃金一樓,松山區八德路二段,3房(室)2廳1衛,81坪,1/4樓,84年,住宅,79萬
WS71081,大巨蛋捷運電梯套房,松山區市民大道五段,1房1衛,113坪,5/9樓,108年,住宅,102萬
WS43247,復興捷運坡平大車位,松山區民生東路三段,--房(室)--廳--衛,25坪,B1/5樓,134年,車位,126萬
YS196626,南京三民收租電梯鼎佳,松山區寶清街,6房(室)4廳4衛,160坪,7/25樓,153年,住宅,148萬
WS70686,逸仙名園三房平面車位,松山區光復南路,3房(室)2廳2衛,181坪,2/6樓,175年,住宅,170萬
OS210988,民生社區三房學區宅.格局方正,松山區新東街,3房(室)2廳1衛,202坪,4/5樓,196年,住宅,193萬
ZS193735,八德低總美寓,松山區八德路四段,2房(室)2廳2衛,224坪,4/5樓,218年,住宅,214萬
TS140989,368BH大巨蛋氣派純辦+車位,松山區光復南路,依現場,248坪,6/12樓,241年,辦公,235萬
QS42155,K024高興商辦風水宅,松山區基隆路一段,依現場實際情況為主,42坪,12/18樓,35年,住商,26萬
WS61165,民生富錦園介壽學區華廈,松山區民生東路五段,3房(室)2廳2衛,69坪,7/7樓,63年,住宅,56萬
WS63591,榮星小富邦小資首選,松山區復興北路,1房(室)1廳1衛,97坪,4/11樓,90年,住宅,83萬
YS191313,南京三民捷運🔥黃金住辦,松山區南京東路五段,5房(室)3廳3衛,125坪,2/16樓,118年,住商,110萬
ZS196563,南京三民電梯收租,松山區寶清街,3房(室)1廳3衛,149坪,6/11樓,142年,住商,137萬
ZS195953,南京雙捷運三房有窗,松山區南京東路五段,3房(室)2廳2衛,170坪,7/14樓,163年,住宅,160萬
ZS196349,民生圓環101景觀小資美三房,松山區民生東路五段,3房(室)2廳2衛,189坪,16/20樓,183年,住宅,180萬
WS65411,松山站LV288,松山區八德路四段,3室2廳1衛,215坪,2-3/13樓,208年,住宅,202萬
WS65674,小巨蛋捷運邊間採光三房美廈,松山區南京東路四段,3房(室)2廳2衛,238坪,2/7樓,231年,住宅,228萬
ZS99788,三民捷運商旅,松山區基隆路一段,17房(室)--廳17衛,259坪,18/18樓,35年,辦公,250萬
YS112934,南京綠色捷運收租屋,松山區南京東路五段,8房(室)--廳8衛,43坪,5/12樓,36年,住商,26萬
ZS170489,基隆路景觀商旅,松山區基隆路一段,17房(室)1廳17衛,70坪,18/18樓,64年,其他,56萬
YS125148,高興興極景商族,松山區基隆路一段,17房1廳17衛1室,70坪,18/18樓,64年,住商,56萬
ZS134171,高興興業極景商旅,松山區基隆路一段,17房1廳17衛1室,97坪,18/18樓,64年,辦公,56萬
ZS180628,帝王景觀優質商旅,松山區基隆路一段,17房(室)17廳1衛,70坪,18/18樓,64年,辦公,56萬
ZS176954,松山三民景觀收租商旅,松山區基隆路一段,18房(室)1廳17衛,70坪,18/18樓,64年,辦公,56萬
WS23667,高興典藏景觀旅館,松山區基隆路一段,18房(室)1廳17衛,70坪,18/18樓,64年,其他,56萬
ZS177972,民生社區3+1房超美寓,松山區撫遠街,3房(室)2廳2衛,142坪,3/4樓,148年,住宅,140萬
WS56394,民權景觀大空間,松山區民權東路五段,5房(室)3廳3衛,176坪,5/5樓,169年,住宅,164萬
WS56255,民權景觀大空間,松山區民權東路五段,5房(室)3廳3衛,176坪,5/5樓,169年,住宅,164萬
QS41961,A626復興南路微風廣場旁金店面,松山區復興南路一段,依現場實際情況為主,44坪,1/4樓,36年,店面,26萬
WS70326,民生社區百萬裝潢鼎佳美寓,松山區民權東路五段,4房(室)2廳3衛,69坪,4/4樓,63年,住宅,58萬
YS196076,光復北雙店面,松山區光復北路,--房(室)1廳1衛,97坪,1/10樓,90年,店面,83萬
WS70266,101景觀邊間電梯頂家,松山區八德路三段,6房(室)3廳4衛,119坪,12/12樓,113年,住宅,107萬
ZS200241,南京尊爵★捷運高樓質感宅,松山區南京東路五段,1房(室)1廳1衛,142坪,10/11樓,136年,住宅,131萬
WS70124,民權近中山國中站辦公大樓,松山區民權東路三段,開放式,165坪,4/15樓,159年,辦公,153萬
WS71259,八德透天金雞母,松山區八德路四段,6房(室)3廳8衛,189坪,1-4/4樓,183年,店面,176萬
ZS99548,高樓河景辦公室,松山區基隆路一段,開放式,212坪,18/18樓,206年,其他,200萬
ZS127008,純辦南京東,松山區南京東路五段,--房(室)1廳2衛,233坪,3/15樓,227年,辦公,223萬
YS126349,428松山車站景觀商旅,松山區基隆路一段,17房(室)1廳17衛,212坪,18/18樓,206年,住商,243萬
XS108617,典藏景觀商旅,松山區基隆路一段,17房(室)1廳17衛,43坪,18/18樓,36年,辦公,26萬
WS44403,高興興業大樓,松山區基隆路一段,3室/1廳,66坪,12/18樓,36年,辦公,58萬
WS07645,高興至尊景觀商旅,松山區基隆路一段,18室/1廳/17衛,43坪,18/18樓,36年,住商,75萬
ZS129474,南京三民商旅,松山區基隆路一段,17房(室)1廳17衛,43坪,18/18樓,36年,住商,75萬
ZS66823,市民延吉店面,松山區市民大道四段,開放式,111坪,1/7樓,106年,店面,98萬
ZS160785,光復八德露台商辦,松山區八德路三段,OPEN+2衛,134坪,4/12樓,128年,辦公,123萬
YS129688,復北民生金店面,松山區復興北路,開放式,159坪,1/14樓,152年,店面,148萬
ZS168278,光復北優質一樓,松山區光復北路,4室4衛,179坪,1/12樓,174年,住宅,169萬
ZS171184,松山光北京璽四房雙車,松山區光復北路,4房(室)2廳2衛,199坪,5/7樓,194年,住宅,189萬
ZS164879,復興北民權捷運純辦II,松山區18800復興北路,OPEN,222坪,13/15樓,216年,辦公,210萬
ZS164880,復興北民權捷運純辦III,松山區復興北路,OPEN,41坪,13/15樓,35年,辦公,26萬
ZS174975,光北雙星2樓住辦,松山區光復北路,--房(室)--廳1衛,70坪,2/12樓,64年,住宅,55萬
YS164289,百坪保富通商大樓,松山區復興北路,--房(室)3廳4衛,87坪,13/15樓,35年,辦公,82萬
ZS172529,復興北民生收租店面,松山區復興北路,開放式,110坪,1/14樓,104年,店面,98萬
WS25425,敦北長庚贊泰小透天,松山區民生東路四段,5房(室)3廳4衛,138坪,1-3/3樓,131年,住宅,123萬
XS117165,復北雙捷優質店面,松山區復興北路,--房(室)1廳1衛,110坪,1/14樓,104年,店面,98萬
WS24393,復興北捷運面寬一樓,松山區復興北路,OPEN,110坪,1/14樓,104年,店面,163萬
WS24600,南京三民都更危老1+2樓,松山區八德路四段,4房(室)3廳2衛,176坪,1-2/4樓,182年,住商,174萬
ZS182104,捷運雙敦大戶四房,松山區南京東路四段,4房(室)2廳2衛,210坪,4/12樓,204年,住宅,200萬
WS33565,延壽街寬巷金店面,松山區延壽街,1廳1衛,233坪,1/12樓,227年,店面,222萬
WS31119,S1188復興北路黃金店面,松山區復興北路,店面,43坪,1/14樓,35年,店面,26萬
WS40573,三民捷運．收租鑽石店,松山區三民路,1房(室)1廳1衛,73坪,1/8樓,66年,店面,58萬
WS22500,雙敦學區全新一樓店面,松山區南京東路三段,開放式,95坪,1/11樓,90年,店面,85萬
ZS188057,南京東路經典店面,松山區南京東路五段,1房(室)--廳--衛,117坪,1/11樓,110年,店面,106萬
WS34469,鋼骨建築賞住辦三房車,松山區八德路四段,3房(室)--廳3衛,137坪,2/14樓,110年,住宅,127萬
WS45031,【南京復興｜慶城・三面採光】,松山區興安街,3房(室)2廳2衛,163坪,4/5樓,156年,住宅,149萬
QS33530,西松國小正三民路金店面,松山區三民路,1房(室)1廳1衛,73坪,1/8樓,66年,店面,58萬
WS40069,八德路三角窗大面寬金店,松山區八德路三段,--房(室)3廳3衛,195坪,1/5樓,190年,住宅,186萬
OS203321,V55復北民生收租金店面,松山區復興北路,--房(室)1廳1衛,43坪,1/14樓,35年,住宅,26萬
ZS159001,松山饒河黃金店面,松山區基隆路一段,1房(室)2廳1衛,230坪,1/12樓,225年,店面,219萬
WS24917,復北民生正馬路金店面,松山區復興北路,開放式,42坪,1/14樓,35年,住宅,26萬
WS34474,鋼骨建築賞住辦二房,松山區八德路四段,2房(室)2廳--衛,64坪,2/14樓,60年,住宅,55萬
WS44380,南京三民金店辦,松山區基隆路一段,OPEN,88坪,1/12樓,82年,辦公,76萬
WS47303,南京三民捷運樓中樓,松山區南京東路五段,3房(室)2廳3衛,113坪,17/17樓,106年,住宅,100萬
WS47237,$民生社區庭院五房,松山區新東街,5房(室)2廳2衛,129坪,1/4樓,133年,住宅,126萬
ZS192165,民生社區撫遠街庭院精裝一樓,松山區撫遠街,3房(室)2廳2衛,151坪,1/4樓,153年,住宅,149萬
YS194056,民生社區陽光2樓美居,松山區富錦街,3房(室)2廳2衛,180坪,2/4樓,174年,住宅,171萬
WS65092,南京三民國泰一樓,松山區南京東路五段,4室2廳2衛,203坪,1/5樓,197年,店面,192萬
WS69311,南京三民電梯四房,松山區八德路四段,4房(室)2廳2衛,227坪,6/7樓,221年,住宅,192萬
ZS175973,富春邊間四房美廈,松山區民生東路三段,4房(室)2廳2衛,248坪,2/7樓,242年,住宅,239萬
WS34435,民權東面寬金店,松山區民權東路五段,1廳1衛,40坪,1/7樓,34年,店面,25萬
WS46139,南京三民捷運金店面,松山區八德路四段,8房(室)2廳3衛,67坪,1-B1/7樓,61年,店面,55萬
ZS164533,大巨蛋黃金店,松山區市民大道五段,OPEN,90坪,1/9樓,85年,店面,79萬
ZS117947,015-大巨蛋金店面,松山區市民大道五段,開放式,90坪,1/9樓,85年,店面,79萬
WS47464,敦北捷運3房美廈可改4房,松山區民族東路,3房(室)2廳4衛,123坪,2/7樓,117年,住宅,110萬
WS41124,專約民生西華店辦一樓,松山區復興北路,5房(室)--廳4衛,147坪,B1-1/7樓,141年,住商,134萬
ZS199133,八德方正低總美廈,松山區八德路三段,1房(室)1廳1衛,176坪,6/12樓,169年,辦公,160萬
WS68322,南京三民捷運電梯美居,松山區寶清街,1房(室)1廳1衛,198坪,6/11樓,192年,住宅,188萬
ZS199383,小巨蛋學區三房,松山區南京東路四段,3房(室)2廳2衛,220坪,2/7樓,214年,住宅,210萬
YS196495,復興南路微風廣場旁金店面,松山區復興南路一段,開放式,239坪,1/12樓,234年,店面,231萬
WS69592,捷運南京三民臨路黃金店面,松山區寶清街,OPEN,42坪,1/4樓,35年,店面,26萬
WS48970,民生社區子母坡平車位,松山區民生東路五段,--房(室)--廳--衛,25坪,B1/12樓,63年,車位,54萬
WS63861,$民生社區靜巷美寓,松山區撫遠街,3房(室)2廳2衛,88坪,4/4樓,83年,住宅,78萬
ZS196823,小巨蛋四房美廈,松山區八德路三段,4房(室)2廳2衛,113坪,2/12樓,107年,住商,99萬
WS62833,專-南京復興雙敦靜巷5房美寓,松山區南京東路三段,5房(室)2廳2衛,129坪,4/4樓,131年,住宅,126萬
WS66728,商三都更收租透天,松山區八德路四段,OPEN,161坪,1-2/2樓,154年,店面,149萬
WS46360,高興興業河景商旅,松山區基隆路一段,18室/1廳/17衛,182坪,18/18樓,177年,其他,172萬
WS55103,084松山双捷運商辦大樓,松山區基隆路一段,6房(室)2廳--衛,199坪,5/18樓,177年,辦公,191萬
WS61808,南京三民純辦,松山區南京東路五段,--房(室)1廳2衛,222坪,3/15樓,216年,住商,209萬
ZS195810,南京三民企業總部,松山區南京東路五段,--房(室)1廳--衛,222坪,3/15樓,216年,辦公,209萬
YS185244,敦北映紅園美三房,松山區民族東路,3房(室)2廳4衛,42坪,2/7樓,36年,住宅,25萬
WS50735,雙敦學區一樓店住辦,松山區八德路三段,OPEN,71坪,1/7樓,64年,店面,57萬
WS52613,大巨蛋景觀美辦,松山區八德路三段,6室2廳3衛,94坪,9/12樓,89年,辦公,82萬
WS56593,南京三民電梯美三房,松山區南京東路五段,3房(室)2廳2衛,118坪,5/6樓,112年,住宅,106萬
ZS194954,介壽學區民權公園旁二樓雅寓,松山區富錦街,3房(室)2廳1衛,145坪,2/5樓,138年,住宅,132萬
WS55357,松山雙鐵河景美宅,松山區八德路四段,1房(室)1廳1衛,166坪,7/12樓,11年,住宅,157萬
WS56675,南京三民電梯美三房,松山區南京東路五段,3房(室)2廳2衛,118坪,5/6樓,112年,住宅,106萬
WS57772,雙敦學區一層一戶邊間三房華廈,松山區敦化南路一段,3房(室)2廳2衛,194坪,4/7樓,189年,住宅,185萬
TS138995,小巨蛋面寬金店面,松山區八德路三段,開放式,217坪,B1-1/7樓,211年,店面,207萬
WS56768,翔譽101邊間,松山區八德路四段,1房(室)1廳1衛,236坪,4/13樓,230年,住宅,227萬
ZS196118,松山大土地坪數全新裝潢,松山區東興路,7房(室)2廳4衛,44坪,5/5樓,37年,住宅,26萬
WS52076,松山捷運河景2房+車位,松山區松河街,2房(室)2廳1衛,75坪,6/15樓,67年,住宅,58萬
WS50827,南京三民站雙車位樓中樓,松山區南京東路五段,3房(室)2廳3衛,100坪,17/17樓,93年,住宅,88萬
WS57747,松機民權臨路金店,松山區民權東路三段,OPEN,127坪,1-2/12樓,120年,店面,113萬
WS60497,雙敦慶城角窗店面,松山區南京東路三段,OPEN(1廳),155坪,1/7樓,148年,店面,140萬
ZS192821,松機捷運電梯三房四套廁所,松山區民族東路,3房(室)2廳4衛,178坪,2/7樓,172年,住宅,167萬
WS50088,巨蛋雙敦景觀樓中樓,松山區北寧路,1+1房2廳2衛,201坪,9-10/10樓,196年,住宅,190萬
WS60539,雙敦100巷邊間華廈,松山區敦化南路一段,3房(室)2廳2衛,222坪,4/7樓,217年,住宅,212萬
WS61171,介壽學區超值二代宅,松山區延壽街,5房(室)4廳3衛,242坪,2/7樓,238年,住宅,233萬
WS60606,西華民生東雙店面,松山區民生東路三段,2房(室)--廳2衛,264坪,1/7樓,257年,住商,87萬
WS62598,民生介壽國中電梯大3房,松山區民生東路五段,3房(室)2廳2衛,41坪,6/7樓,35年,住宅,25萬
ZS195683,南京興安高樓三房,松山區復興北路,3房(室)2廳2衛,68坪,7/14樓,61年,住宅,56萬
WS65492,文華苑旁靜巷美妝華廈,松山區興安街,3房(室)2廳2衛,90坪,4/7樓,84年,住宅,80萬
YS191798,近大巨蛋住辦大戶可掛招牌,松山區光復北路,5廳1衛,114坪,2/12樓,109年,住宅,101萬
WS61962,敦北民生熱鬧店面,松山區民生東路三段,--房(室)2廳1衛,137坪,1/7樓,132年,店面,126萬
WS62652,雙敦庭院壹樓,松山區光復南路,3房(室)2廳2衛,156坪,1/7樓,151年,住宅,148萬
WS62897,三民捷運基隆路商三店辦,松山區基隆路一段,OPEN,180坪,1/12樓,173年,店面,169萬
WS63837,保富通商Ａ辦,松山區復興北路,OPEN,204坪,13/15樓,199年,辦公,193萬
ZS197755,民生河畔小宅,松山區塔悠路,1房(室)1廳1衛,222坪,2/4樓,216年,住宅,212萬
ZS196090,南京三民三角窗金店,松山區寶清街,1房(室)1廳1衛,234坪,1/4樓,237年,店面,233萬
WS56779,民權大道上正店面,松山區民權東路五段,--房(室)1廳1衛,43坪,B1-1/7樓,36年,店面,26萬
WS56967,民權大道上正店面,松山區民權東路五段,--房(室)1廳1衛,43坪,B1-1/7樓,36年,店面,26萬
WS64427,松菸.大小巨蛋黃金地段可住辦,松山區八德路三段,1房(室)1廳1衛,74坪,6/12樓,70年,住商,63萬
WS64324,松菸.大小巨蛋黃金地段住辦,松山區八德路三段,1房(室)1廳1衛,74坪,6/12樓,70年,住商,63萬
WS69062,涵峰,松山區敦化北路,4房(室)2廳4衛,108坪,10/12樓,102年,住宅,93萬
WS68670,敦南世田介,松山區敦化南路一段,3房(室)2廳2衛,130坪,5/12樓,124年,住宅,119萬
WS70795,雙敦學區低總價美房,松山區敦化北路,1房(室)--廳1衛,151坪,4/6樓,145年,住宅,141萬
ZS200010,南京三民小金店,松山區寶清街,1房(室)2廳1衛,163坪,1/4樓,167年,店面,161萬
XS141620,專約南京三民捷運時尚店面,松山區南京東路五段,5房(室)2廳5衛,190坪,1/5樓,185年,住宅,181萬
WS57452,南京三民站面寬角店,松山區寶清街,OPEN,210坪,1/10樓,205年,辦公,201萬
WS64802,❤低公設賓士華廈+車位,松山區復興北路,4房(室)4廳4衛,43坪,3/7樓,36年,住宅,26萬
ZS198398,6X萬入住民生社區,松山區撫遠街,4房(室)2廳2衛,60坪,4/4樓,65年,住宅,58萬
ZS119676,敦南店霸,松山區敦化南路一段,OPEN,94坪,1/12樓,88年,住宅,81萬
YS112636,敦南收租金店,松山區敦化南路一段,OPEN,113坪,1/12樓,88年,店面,81萬
ZS126467,雙敦學區增值一樓,松山區敦化北路,OPEN(1廳1衛),130坪,1/4樓,65年,住宅,123萬
WS06706,興安金店面,松山區興安街,開放式,150坪,1/7樓,145年,店面,141萬
ZS143045,三民捷運健康國小金店,松山區延壽街,--房(室)1廳1衛,172坪,1/12樓,167年,店面,162萬
ZS84105,182-南京三民捷運,松山區南京東路五段,開放式,192坪,B2-4/14樓,187年,店面,182萬
WS22301,南京復興北捷運面寬金店,松山區復興北路,OPEN,211坪,1/14樓,206年,店面,203萬
ZS133975,復興北路金店面,松山區復興北路,OPEN/1衛,211坪,1/14樓,206年,店面,221萬
ZS148136,南京三民捷運商業大樓,松山區南京東路五段,--房(室)--廳--衛,42坪,B2-4/14樓,35年,住商,26萬
ZS140010,南京三民收租王,松山區南京東路五段,OPEN,42坪,B2-4/14樓,35年,其他,26萬
ZS161887,筑丰敦匯,松山區北寧路,OPEN,84坪,3/21樓,78年,住宅,72萬
ZS132799,南京三民珍珠金店王,松山區南京東路五段,OPEN,42坪,B2-4/14樓,35年,辦公,26萬
ZS132984,南京復興正收租店面,松山區復興北路,OPEN,120坪,1/14樓,115年,店面,109萬
ZS130837,饒河街商圈金店面,松山區饒河街,--房(室)1廳1衛,134坪,1/1樓,137年,店面,131萬
ZS159077,民生重劃金店面,松山區復興北路,2廳3衛,159坪,1/7樓,155年,店面,150萬
ZS165100,保富通商純辦大樓B戶,松山區敦化北路,--房(室)--廳--衛,180坪,13/15樓,175年,辦公,170萬
WS32092,南京三民大面寬店辦,松山區寶清街,2房(室)1廳2衛,201坪,1/11樓,195年,店面,190萬
WS26409,晴川河岸景觀宅,松山區南京東路五段,OPEN,220坪,6/12樓,215年,住宅,211萬
ZS179025,復北金融面寬金店,松山區復興北路,開放式,42坪,1/14樓,35年,店面,26萬
WS25166,饒河街商圈金店,松山區饒河街,--房(室)1廳1衛,60坪,1-2/2樓,65年,店面,57萬
ZS178762,復北興安面寬金店面,松山區復興北路,--房(室)1廳1衛,42坪,1/14樓,35年,店面,26萬
WS25268,八德路監理站透天,松山區八德路四段,2室2廳4衛,99坪,1-2/2樓,94年,店面,90萬
ZS178692,挑戰最低總價雙敦學區房,松山區市民大道四段,1房(室)--廳1衛,125坪,4/7樓,119年,住宅,110萬
XS109902,民生介壽收租美寓,松山區民生東路五段,7房(室)4廳4衛,151坪,4/4樓,144年,住宅,138萬
WS24565,松山復北收租金店面,松山區復興北路,開放式,42坪,1/14樓,35年,店面,26萬
ZS180398,興安國宅東棟,松山區復興北路,1房(室)1廳1衛,42坪,1/14樓,35年,店面,26萬
ZS183775,民權黃金大面寬金店,松山區民權東路五段,1房(室)2廳2衛,186坪,1/4樓,144年,店面,179萬
WS34565,❤雙敦都更中套房,松山區南京東路三段,1房(室)1廳1衛,206坪,5/7樓,201年,住宅,197萬
QS27046,敦化華廈1樓住店,松山區八德路三段,2房(室)3廳2衛,40坪,1/7樓,34年,住宅,24萬
XS114522,近捷運黃金收租宅,松山區復興北路,5房(室)1廳3衛,67坪,8/14樓,61年,住宅,53萬
ZS123564,181-饒河夜市金店面,松山區饒河街,OPEN,80坪,1/1樓,84年,店面,78萬
TS134018,511BS松山捷運站旁耐震宅,松山區八德路四段,3房(室)2廳2衛,111坪,5/14樓,105年,住宅,100萬
ZS182662,南京復興雙捷低總黃金店面,松山區復興北路,開放式,130坪,1/14樓,61年,店面,123萬
WS18429,大巨蛋光復南金店面,松山區光復南路,1廳/1衛,152坪,1/12樓,146年,店面,141萬
WS33801,饒河商三大透天,松山區饒河街,9室4廳4衛,175坪,1-4/4樓,169年,店面,163萬
OS201693,松山雙鐵景觀屋,松山區八德路四段,3房(室)2廳2衛,111坪,5/14樓,105年,住宅,100萬
MS136691,稀有釋出南京三民金店面,松山區南京東路五段,--房(室)--廳--衛,208坪,B1-1/19樓,202年,店面,197萬
OS201992,西華民生雙金店面,松山區民生東路三段,--房(室)2廳2衛,226坪,1/7樓,221年,住宅,218萬
ZS132809,摩根旭日東昇景觀屋,松山區南京東路五段,1房(室)1廳1衛,43坪,10/18樓,36年,住宅,26萬
TS96002,饒河夜市金鑽透天店面,松山區饒河街,彈性空間,60坪,1/1樓,65年,店面,58萬
WS44411,南京三民收租金店,松山區南京東路五段,OPEN,91坪,1/6樓,85年,住宅,80萬
ZS191362,松山車站饒河夜市金店面,松山區八德路四段,1房(室)2廳2衛,115坪,B1-1/9樓,109年,店面,102萬
WS36726,饒河商三金鑽透店,松山區饒河街,--房(室)--廳--衛,127坪,1-4/4樓,131年,住宅,125萬
WS45487,南京復興捷運兄弟飯店旁收租金店,松山區復興北路,--房(室)1廳1衛,156坪,1/14樓,150年,住宅,145萬
TS139303,松山饒河旁商三收租店面,松山區塔悠路,--房(室)1廳2衛,176坪,1/12樓,170年,店面,165萬
YS185564,映虹園電梯3房美居,松山區民族東路,3房(室)2廳4衛,201坪,2/7樓,195年,住宅,188萬
TS137180,敦化捷運3房,松山區民族東路,3房(室)2廳4衛,201坪,2/7樓,195年,住宅,188萬
WS68557,敦化學區小巨蛋站2樓,松山區光復北路,4房(室)2廳2衛,230坪,2/12樓,224年,住宅,219萬
WS62776,松山饒河景觀商旅,松山區基隆路一段,17房(室)1廳17衛,43坪,18/18樓,36年,辦公,26萬
WS66705,南京雙星大廈三房全新裝潢,松山區南京東路五段,3房(室)2廳2衛,71坪,2/12樓,65年,住宅,57萬
WS66837,407邊間吉祥雙併4房,松山區吉祥路,4房(室)2廳2衛,97坪,4/7樓,91年,住宅,83萬
WS62514,南京三民收租寶,松山區東興路,5房(室)--廳5衛,124坪,5/5樓,117年,住宅,109萬
WS66997,名人電梯三室車,松山區民生東路五段,3室2廳2衛,145坪,3/15樓,141年,住宅,135萬
WS67623,雙敦學區南京復興都更宅,松山區南京東路三段,1房(室)1廳1衛,168坪,7/7樓,162年,住宅,158萬
WS68267,敦化學區小巨蛋站2樓,松山區八德路三段,4房(室)2廳2衛,188坪,2/12樓,182年,住宅,179萬
WS68902,敦小介壽四房坡平車位,松山區八德路三段,4房(室)2廳2衛,188坪,2/12樓,182年,住宅,179萬
WS70153,敦化國小電梯美妝4房有車,松山區八德路三段,4房2廳2衛1陽台,188坪,2/12樓,182年,住宅,179萬
WS66346,光南靜巷美廈,松山區光復南路,4房(室)2廳2衛,226坪,2/6樓,221年,住宅,217萬
WS67361,南京三民站角窗景觀美辦2,松山區八德路四段,5室1廳3衛,42坪,6/7樓,35年,辦公,26萬
WS67379,南京三民站角窗景觀美辦,松山區八德路四段,11室2廳3衛,61坪,6/7樓,35年,辦公,54萬
WS67098,敦北禪風一樓,松山區敦化北路,12房(室)2廳8衛,87坪,B1-1/7樓,81年,住宅,72萬
QS42746,E012華南花園一樓店住,松山區延吉街,開放式,111坪,1/7樓,105年,住商,99萬
WS68944,南京三民電梯四房,松山區八德路四段,4房(室)2廳2衛,132坪,6/7樓,126年,住宅,122萬
WS68607,太平洋映虹園電梯三房,松山區民族東路,3房(室)2廳4衛,155坪,2/7樓,149年,住宅,144萬
WS47873,429寶清收租庭院美五套,松山區寶清街,5房(室)2廳5衛,177坪,1/4樓,81年,住宅,165萬
YS185675,松山站饒河街全棟賣場金店,松山區饒河街,依現況,191坪,1-5/5樓,196年,住宅,189萬
WS49830,小巨蛋雙敦住辦2房Ⅳ,松山區八德路三段,2房(室)2廳1衛,225坪,8/12樓,219年,住商,211萬
WS49820,小巨蛋雙敦住辦2房Ⅱ,松山區八德路三段,2房(室)2廳1衛,236坪,8/12樓,219年,住商,233萬
WS49551,&光北年代財經純辦,松山區光復北路,1廳3室,42坪,7/15樓,35年,辦公,26萬
WS49824,小巨蛋雙敦住辦2房Ⅲ,松山區八德路三段,2房(室)2廳1衛,72坪,8/12樓,66年,住商,57萬
WS51320,南京名人大廈稀有釋出,松山區南京東路五段,6房(室)2廳3衛,94坪,6/12樓,88年,住商,83萬
WS49800,小巨蛋雙敦住辦2房Ⅰ,松山區八德路三段,2房(室)2廳1衛,106坪,8/12樓,66年,住商,103萬
ZS191706,民生社區富錦店面,松山區富錦街,2房(室)1廳1衛,127坪,1/8樓,121年,店面,114萬
WS50170,光復北路面寬店面,松山區光復北路,1廳1衛,146坪,1/10樓,142年,店面,137萬
WS52693,小巨蛋雙敦美妝景觀大兩房(2),松山區八德路三段,2房(室)2廳1衛,162坪,8/12樓,66年,住宅,157萬
WS52810,小巨蛋雙敦美妝景觀大兩房(4),松山區八德路三段,2房(室)2廳1衛,174坪,8/12樓,66年,住宅,171萬
WS55462,❤雙敦學區 敦化香榭,松山區南京東路三段,1房(室)--廳1衛,193坪,4/7樓,188年,住宅,183萬
WS52170,小巨蛋雙敦美妝景觀大兩房1,松山區八德路三段,2房(室)1廳1衛,106坪,8/12樓,66年,住宅,103萬
WS55661,❤雙敦香榭都更中,松山區南京東路三段,1室1衛,42坪,2/7樓,35年,住宅,26萬
WS53839,專約-雙敦靜巷小巨蛋美寓,松山區八德路三段,4房(室)2廳2衛,69坪,4/4樓,63年,住宅,56萬
ZS195193,南京東路金店面,松山區南京東路五段,開放式,68坪,1/11樓,87年,店面,79萬
ZS195430,中山國中伊邸露台景觀戶,松山區復興北路,3房(室)2廳2衛,114坪,12/12樓,109年,住宅,103萬
ZS195421,中山國中伊邸高樓邊間2房車位,松山區復興北路,2房(室)2廳2衛,128坪,11/12樓,109年,住宅,124萬
WS53709,金店面近南京三民站,松山區南京東路五段,開放式,148坪,1/6樓,142年,店面,139萬
WS50560,雙敦小巨蛋電梯房,松山區八德路三段,2房(室)1廳1衛,169坪,8/12樓,163年,住宅,158萬
ZS195423,中山國中伊邸景觀兩房車位,松山區復興北路,2房(室)1廳1衛,180坪,11/12樓,109年,住宅,177萬
WS05321,J1饒河街夜市金店,松山區饒河街,店面,190坪,1/1樓,193年,店面,189萬
WS55332,面京華城大金店面,松山區八德路四段,無隔間,215坪,1/7樓,210年,店面,206萬
WS56546,摩根捷運精美宅,松山區南京東路五段,1房(室)1廳1衛,42坪,10/18樓,23年,獨立套房,26萬
WS55419,南京三民捷運收租金店面,松山區南京東路五段,1房(室)1廳1衛,67坪,1/6樓,61年,店面,55萬
TS138880,北市監理所旁金雞母一樓,松山區八德路四段,--房(室)--廳2衛,80坪,1/4樓,85年,其他,78萬
WS58374,207揚昇君苑高樓層面河戶,松山區松河街,2房(室)1廳2衛,116坪,17/24樓,110年,住宅,102萬
ZS194059,僑福邊間三房美廈,松山區健康路,3房(室)2廳2衛,140坪,6/13樓,134年,住宅,129萬
ZS196244,敦南旗艦傳家店面,松山區敦化南路一段,--房(室)--廳2衛,159坪,1/12樓,154年,店面,150萬
WS57780,小巨蛋三角窗燙金店面1+2樓,松山區敦化北路,7房/3廳/2衛/2室,181坪,1-2/9樓,176年,店面,170萬
WS51271,11雙敦靜巷溫馨三房,松山區八德路三段,3房(室)2廳2衛,203坪,3/4樓,197年,住宅,193萬
WS49204,民生重劃連鎖品牌一樓,松山區民生東路三段,開放式,226坪,1/7樓,220年,其他,215萬
WS58064,松山站饒河街聚財金店面,松山區饒河街,--房(室)--廳1衛,246坪,1/15樓,241年,店面,236萬
WS60620,松山捷運旁SRC鋼骨3房,松山區八德路四段,3房(室)2廳2衛,43坪,5/14樓,36年,住宅,26萬
WS60275,南京三民透天投報收租,松山區寶清街,10房(室)--廳10衛,60坪,1-2/2樓,65年,住宅,57萬
WS60489,南京三民透天投報收租,松山區寶清街,10房(室)--廳10衛,60坪,1-2/2樓,65年,住宅,57萬
ZS197871,敦化學區住3之1特、大透天,松山區八德路三段,6房(室)3廳3衛,93坪,1-2/2樓,95年,住宅,90萬
WS60498,慶城大庭院金店面,松山區南京東路三段,依現場,125坪,1/7樓,119年,店面,111萬
WS53946,唯我獨尊景觀豪邸,松山區敦化北路,OPEN,150坪,22/23樓,144年,住宅,137萬
WS55842,復北興安收租一樓,松山區復興北路,--房(室)1廳1衛,174坪,1/14樓,168年,其他,162萬
WS64034,南京三民住辦車庫一樓,松山區南京東路五段,3室4廳3衛,193坪,1/7樓,188年,住宅,184萬
WS61998,復北美麗華高樓都更商辦,松山區復興北路,OPEN,214坪,10/12樓,209年,住商,204萬
WS63127,雙敦璞真鋼骨大戶雙坡車,松山區南京東路四段,4房(室)2廳4衛,236坪,8/15樓,231年,住宅,224萬
YS191955,微風旁潛力店面,松山區市民大道四段,--房(室)1廳1衛,29坪,1/4樓,36年,店面,26萬
WS62646,敦化景觀華廈,松山區光復南路,2房(室)2廳2衛,67坪,9/9樓,62年,住宅,55萬
WS66276,璞真精裝高樓101,松山區光復南路,1房(室)2廳1衛,91坪,16/22樓,86年,住宅,79萬
WS63124,雙敦璞真名邸+坡車,松山區南京東路四段,2房(室)1廳2衛,112坪,8/15樓,107年,住宅,101萬
WS63558,雙敦學區台安高樓景觀三房,松山區八德路二段,3房(室)2廳3衛,136坪,10/12樓,130年,住宅,124萬
WS64013,翔譽面101高樓,松山區八德路四段,1房(室)1廳1衛,157坪,9/13樓,152年,住宅,147萬
WS62170,民生社區收租金店面,松山區民生東路五段,開放式,176坪,1/4樓,171年,店面,167萬
QS43010,敦南市民大道商圈店面,松山區八德路三段,開放式,199坪,1/5樓,193年,店面,189萬
YS192556,松山捷運嘉磐101美廈,松山區八德路四段,1房(室)1廳1衛,218坪,7/12樓,11年,住宅,210萬
WS63726,饒河街觀光夜市內金店面,松山區饒河街,--房(室)1廳1衛,237坪,1/18樓,232年,店面,228萬
WS67521,&雙敦新廈低總一樓,松山區敦化北路,1廳1衛,42坪,1/6樓,35年,住宅,26萬
WS63264,復北民生金店面,松山區復興北路,開放式,68坪,1/14樓,62年,店面,54萬
WS67715,馥敦5A,松山區市民大道四段,1房(室)1廳1衛,89坪,5/7樓,84年,住宅,77萬
WS64575,基隆路挑高黃金店辦(商三),松山區基隆路一段,開放式,111坪,1/12樓,105年,店面,101萬
WS45718,饒河街觀光夜市內金店面,松山區饒河街,--房(室)1廳1衛,133坪,1/18樓,128年,店面,123萬
WS63119,雙敦鋼骨名邸+坡車,松山區南京東路四段,2房(室)1廳2衛,156坪,8/15樓,151年,住宅,144萬
WS65117,忠孝敦化捷運金三角,松山區八德路三段,1廳1衛,177坪,1/5樓,172年,店面,168萬
WS65743,國泰南京三民捷運3房車,松山區南京東路五段,3房(室)2廳2衛,197坪,6/14樓,192年,住商,187萬
OS221247,191松山有間豪宅,松山區光復南路,6房(室)2廳3衛,219坪,17/22樓,67年,住宅,207萬
QS44309,X14民權東路邊間公寓,松山區民權東路三段,5房(室)2廳2衛,240坪,4/5樓,235年,住宅,229萬
WS65647,捷運南京三民低總價店辦,松山區寶清街,OPEN,42坪,1/4樓,35年,住商,26萬
YS191971,捷運南京三民站商二土地店辦,松山區南京東路五段,2房(室)2廳2衛,58坪,3/4樓,61年,住商,56萬
ZS197534,聯合二村邊間美宅,松山區民生東路五段,3房(室)2廳2衛,79坪,4/4樓,82年,住宅,77萬
WS62246,小巨蛋8米巷等都更金店面,松山區南京東路四段,--房(室)1廳1衛,101坪,1/5樓,105年,店面,98萬
WS62439,小巨蛋核心生活圈~大面寬店面,松山區南京東路四段,OPEN,121坪,1/4樓,105年,店面,98萬
OS214391,八德路四段金店面,松山區八德路四段,5房(室)1廳2衛,134坪,1/4樓,136年,店面,131萬
WS62216,南京復興北路面寬金店面,松山區復興北路,--房(室)1廳1衛,164坪,1/14樓,158年,店面,153萬
WS66985,敦化八德三角窗金店,松山區八德路三段,OPEN,184坪,1/5樓,178年,店面,175萬
WS66998,光復八德金店,松山區八德路四段,OPEN,205坪,1/9樓,200年,店面,195萬
WS67510,共構101摩根車位,松山區南京東路五段,1房(室)1廳1衛,227坪,15/18樓,221年,住宅,215萬
WS67796,&微風麗弗高樓帝王戶,松山區八德路二段,2房(室)1廳1衛,44坪,13/14樓,37年,住宅,26萬
WS67334,415敦南景觀豪宅,松山區敦化南路一段,4房(室)2廳2衛,72坪,11/12樓,66年,住宅,58萬
YS195185,台北松山燙金店面,松山區八德路四段,--房(室)1廳2衛,97坪,1/4樓,92年,店面,84萬
WS68034,八德住辦停車一樓,松山區八德路三段,--房(室)1廳1衛,122坪,1/7樓,116年,住商,109萬
WS67737,05小巨蛋學區都更宅,松山區南京東路四段,3房(室)2廳2衛,144坪,2/4樓,138年,住宅,132萬
WS68278,新東街靜巷雅居一樓,松山區新東街,1房(室)2廳2衛,164坪,1/5樓,160年,住宅,155萬
YS195175,民權東路正店面,松山區民權東路三段,1房(室)1廳1衛,187坪,1/7樓,180年,店面,176萬
CS182093,忠孝敦化三角窗店面,松山區八德路三段,--房(室)--廳1衛,206坪,1/5樓,201年,住宅,198萬
WS68076,南京東路五段河景大套房,松山區南京東路五段,1房(室)1廳1衛,227坪,6/12樓,222年,住宅,218萬
WS68767,敦化•介壽設籍店面,松山區八德路三段,3廳3衛,245坪,1/5樓,240年,店面,237萬
ZS199473,南京三民一樓店面,松山區南京東路五段,3房(室)2廳1衛,44坪,1/5樓,37年,店面,26萬
WS68360,復北捷運帝國大廈頂家美宅,松山區復興北路,2房(室)2廳2衛,71坪,12/12樓,65年,住宅,58萬
WS67296,敦化雙學區低調奢華豪宅,松山區敦化北路,3房(室)2廳3衛,96坪,4/10樓,90年,住宅,82萬
RS89824,楓韻晴川挑高3米6,松山區南京東路五段,1房(室)1廳1衛,115坪,6/12樓,110年,住宅,106萬
ZS199950,獨家~巨蛋捷運介壽一樓,松山區光復北路,2房(室)2廳1衛,130坪,1/4樓,133年,住商,128萬
WS68164,捷運中山國中站精華金店面,松山區民權東路三段,OPEN,160坪,1/10樓,154年,店面,150萬
YS196212,大路邊電梯店面辦公透天,松山區八德路四段,5房3廳5衛/加蓋1廳,182坪,B1-5/5樓,177年,住商,171萬
WS67512,南京三民透天收租置產,松山區寶清街,10房(室)--廳10衛,196坪,1-2/2樓,200年,住宅,193萬
WS69015,敦南林蔭景觀豪宅4房2衛,松山區敦化南路一段,4房(室)2廳2衛,226坪,11/12樓,220年,住宅,214萬
ZS199769,敦化北路靜巷美一樓,松山區敦化北路,開放式空間,240坪,1/6樓,241年,住宅,238萬
CS182772,松山南京捷運旁公寓,松山區南京東路五段,1房(室)2廳2衛,42坪,3/4樓,36年,住宅,25萬
WS68030,南京復興捷運景觀頂家,松山區復興北路,2房(室)2廳2衛,68坪,12/12樓,62年,住宅,56萬
WS69616,大巨蛋低總金店面,松山區市民大道五段,OPEN,95坪,1/9樓,89年,店面,80萬
ZS150021,小巨蛋黃金店面,松山區八德路四段,5房(室)1廳1衛,114坪,1/4樓,109年,店面,104萬
WS70287,商用來禮大廈,松山區南京東路五段,OPEN,134坪,3/14樓,129年,辦公,125萬
WS71450,獨家介壽民權雙公園樹海2樓,松山區新中街,3房(室)2廳2衛,156坪,2/5樓,151年,住宅,145萬
gZB06888,東京現代居,松山區寶清街,1室1廳1衛,182坪,6/11樓,175年,辦公,169萬
gYB04555,專約-光復南路超級棒住辦現收租,松山區光復南路,開放式,207坪,6/12樓,201年,住商,196萬
gZB06924,民生社區邊間美屋三房,松山區撫遠街,3房(室)2廳1衛,226坪,4/4樓,222年,住宅,218萬
gXB06255,松山連鎖金店面,松山區延壽街,開放式,243坪,1/13樓,240年,店面,236萬
gOB17054,南京三民站民生圓環金店面,松山區延壽街,--房(室)1廳1衛,45坪,1/12樓,37年,店面,26萬
gWB01461,新東街靜巷美寓,松山區新東街,6房(室)2廳3衛,71坪,4/4樓,65年,住宅,58萬
gZB05430,松山捷運景觀收租商旅,松山區基隆路一段,17房(室)1廳17衛,96坪,18/18樓,91年,其他,83萬
gXB08424,饒河捷運站對面人潮店面,松山區八德路四段,開放式,119坪,1/12樓,113年,店面,109萬
gZB03345,松山饒河夜市新店面,松山區饒河街,--房(室)1廳1衛,138坪,1/18樓,133年,店面,130萬
gWB01191,福之鄉大廈４房美宅,松山區民生東路三段,4房(室)2廳2衛,160坪,5/7樓,156年,住宅,148萬
gZB06652,松山機場站映虹園電梯美廈,松山區民族東路,3房(室)2廳4衛,183坪,2/7樓,178年,住宅,173萬
gZB05471,獨家台北摩根高樓小豪宅,松山區南京東路五段,1房(室)1廳1衛,202坪,15/18樓,84年,住宅,194萬
gZB05423,復興北路店面,松山區復興北路,--房(室)1廳1衛,222坪,1/14樓,217年,店面,213萬
gOB20865,雙敦學區國泰佳倍家,松山區八德路三段,4房(室)3廳3衛,243坪,5/5樓,238年,住宅,234萬
gXB09188,台北新東街三角窗店面,松山區新東街,開放式,40坪,1/7樓,34年,店面,25萬
