路段,屋齡,房屋類型,建坪,主建物/陽台,格局,樓層,房屋總價(萬),車位
台北市士林區中山北路七段,11.6年,大樓,建坪 114.39,主 + 陽58.48,2房2廳4衛1室,3樓/12樓,"12,000",2
台北市士林區中山北路七段,45.9年,店面/辦公,建坪 67.69,主建物56.86,3廳2衛1室(含加蓋1室),1樓/7樓,"5,500",0
台北市士林區雨聲街,32.8年,公寓,建坪 19.02,主 + 陽13.18,1房1廳1衛,4樓/5樓,"1,398",0
台北市士林區文林路,49.4年,公寓,建坪 28.95,主建物25.02,3房2廳2衛,1樓/4樓,"3,288",0
台北市士林區社中街,48.8年,公寓,建坪 29.17,主 + 陽29.16,3房2廳2衛,3樓/4樓,"1,760",0
台北市士林區忠誠路一段,33.5年,華廈,建坪 49.67,主 + 陽41.66,4房2廳2衛,2樓/10樓,"4,288",0
台北市士林區永平街,45.6年,公寓,建坪 25.14,主 + 陽25.15,2房2廳1衛,2樓/5樓,"1,398",0
台北市士林區中山北路五段,1.5年,大樓,建坪 83.54,主 + 陽44.27,4房2廳2衛,16樓/18樓,"9,980",1
台北市士林區中山北路七段,45.9年,華廈,建坪 84.52,主 + 陽72.09,3房2廳3衛1室,2樓/7樓,"4,580",0
台北市士林區福林路,17.0年,華廈,建坪 64.39,主 + 陽41.51,4房2廳2衛,1樓/7樓,"5,488",1
台北市士林區華聲街,46.7年,公寓,建坪 23.01,主建物16.44,3房2廳2衛1室,1樓/5樓,"1,880",0
台北市士林區士東路,44.5年,公寓,建坪 38.9,主 + 陽37.87,3房2廳2衛,5樓/5樓,"2,488",0
台北市士林區福華路,47.2年,公寓,建坪 38.19,主 + 陽38.19,3房2廳2衛,5樓/5樓,"2,968",0
台北市士林區延平北路五段,54.3年,公寓,建坪 25.85,主建物25.85,3房2廳1衛,3樓/4樓,"1,422",0
台北市士林區基河路,18.4年,大樓,建坪 70.92,主 + 陽41.37,3房2廳2衛,6樓/12樓,"6,888",1
台北市士林區華齡街,41.9年,公寓,建坪 37.19,主 + 陽36.24,3房3廳2衛(含加蓋1廳),5樓/5樓,"1,930",0
台北市士林區中山北路七段,48.2年,華廈,建坪 69.61,主 + 陽62.93,4房2廳2衛,2樓/7樓,"3,980",0
台北市士林區中山北路五段,1.9年,大樓,建坪 74.79,主 + 陽38.94,3房2廳2衛,6樓/17樓,"6,488",1
台北市士林區中山北路七段,47.1年,公寓,建坪 33,主建物28.9,3房2廳2衛,1樓/5樓,"2,950",0
台北市士林區通河街,51.3年,公寓,建坪 31.2,主 + 陽31.2,3房2廳2衛,3樓/4樓,"1,999",0
台北市士林區忠誠路二段,22.1年,大樓,建坪 113.7,主 + 陽60.35,4房2廳2衛1室,2樓/12樓,"9,380",2
台北市士林區芝玉路二段,5.5年,華廈,建坪 63.26,主 + 陽29.55,3房2廳2衛,4樓/9樓,"5,250",1
台北市士林區中山北路七段,36.6年,華廈,建坪 58.67,主 + 陽37.72,2房2廳3衛,1樓/7樓,"3,980",1
台北市士林區天母北路,5.7年,大樓,建坪 97.73,主 + 陽42.72,4房2廳3衛,8樓/24樓,"8,988",2
台北市士林區延平北路六段,20.1年,大樓,建坪 48.31,主 + 陽20.57,2房2廳1衛(含加蓋1房1衛),11樓/11樓,"2,980",1
台北市士林區芝玉路一段,17.3年,大樓,建坪 71.7,主 + 陽42.23,4房2廳2衛,4樓/18樓,"6,880",1
台北市士林區文林路,9.8年,大樓,建坪 58.82,主 + 陽31.34,3房2廳2衛1室,9樓/15樓,"5,488",1
台北市士林區大西路,25.1年,華廈,建坪 81.49,主 + 陽39.86,4房2廳2衛(含加蓋1房),2樓/9樓,"5,580",2
台北市士林區重慶北路四段,47.2年,華廈,建坪 23.87,主建物19.56,1房1廳1衛,1樓/7樓,"1,588",0
台北市士林區德行東路,20.2年,華廈,建坪 83.17,主 + 陽39.91,3房2廳2衛,4樓/9樓,"6,980",2
台北市士林區德行東路,18.8年,華廈,建坪 71.31,主 + 陽41.2,4房2廳2衛(含加蓋1房),7樓/10樓,"7,380",1
台北市士林區中山北路七段,36.6年,華廈,建坪 46.59,主 + 陽28.79,1房2廳1.5衛2室,1樓/7樓,"2,880",1
台北市士林區士商路,18.3年,華廈,建坪 58.04,主 + 陽27.12,3房2廳2衛,2樓/7樓,"4,880",2
台北市士林區中山北路七段,15.0年,大樓,建坪 164.32,主 + 陽65.17,4房2廳4衛1室,7樓/16樓,"15,888",3
台北市士林區重慶北路四段,47.2年,華廈,建坪 25.37,主 + 陽23.12,3房2廳1衛,4樓/7樓,"2,188",0
台北市士林區至誠路一段,7.7年,大樓,建坪 117.3,主 + 陽56.8,4房2廳2衛,12樓/14樓,"9,980",2
台北市士林區福華路,7.7年,華廈,建坪 43.44,主 + 陽25.24,3房2廳2衛,4樓/9樓,"4,140",1
台北市士林區忠誠路二段,39.6年,大樓,建坪 44.96,主 + 陽37.74,3房2廳2衛,9樓/14樓,"4,160",0
台北市士林區中正路,27.6年,店面,建坪 35.95,主 + 陽20.17,1廳1衛,1樓/9樓,"1,911",1
台北市士林區德行東路,42.6年,公寓,建坪 31.28,主 + 陽28.9,3房2廳1衛,5樓/5樓,"2,350",0
台北市士林區中山北路七段,42.7年,華廈,建坪 84.84,主 + 陽64.7,4房2廳3衛1室,2樓/7樓,"4,850",1
台北市士林區天母東路,1.3年,華廈,建坪 28.33,主 + 陽16.46,2房2廳2衛,3樓/5樓,"3,898",0
台北市士林區德行東路,16.7年,華廈,建坪 43.53,主 + 陽23.41,3房2廳2衛,2樓/7樓,"3,880",1
台北市士林區天母西路,45.2年,華廈,建坪 62.75,主 + 陽49.89,3房2廳2衛1室,3樓/7樓,"4,850",1
台北市士林區中山北路七段,40.7年,華廈,建坪 31.7,主 + 陽27.47,2房2廳2衛1室,5樓/7樓,"2,780",0
台北市士林區天母東路,1.3年,華廈,建坪 26.72,主 + 陽15.46,2房2廳2衛,5樓/5樓,"3,678",0
台北市士林區中山北路五段,14.4年,大樓,建坪 187.8,主 + 陽84.54,4房2廳2衛4室,8樓/19樓,"21,000",5
台北市士林區天母西路,46.2年,華廈,建坪 59.13,主 + 陽52.13,3房2廳2衛,6樓/6樓,"4,068",0
台北市士林區士東路,43.5年,華廈,建坪 59.15,主 + 陽49.71,4房2廳2衛,6樓/7樓,"3,963",0
台北市士林區中山北路七段,46.1年,華廈,建坪 51.44,主 + 陽50.41,4房2廳2衛,4樓/7樓,"3,180",0
台北市士林區後港街,44.2年,辦公,建坪 33.14,主 + 陽33.14,4房2廳2衛,4樓/5樓,"1,950",0
台北市士林區忠誠路一段,33.9年,華廈,建坪 48.88,主 + 陽41.64,3房2廳2衛1室,5樓/9樓,"4,750",0
台北市士林區天母北路,52.5年,公寓,建坪 35.74,主建物35.74,3房2廳2衛1室,1樓/4樓,"4,000",0
台北市士林區中山北路七段,8.2年,華廈,建坪 34.21,主 + 陽18.74,2房2廳1衛,2樓/5樓,"3,080",1
台北市士林區中山北路七段,21.0年,大樓,建坪 83.3,主 + 陽41.26,4房2廳2衛,8樓/13樓,"7,680",2
台北市士林區天母北路,45.1年,大樓,建坪 91.38,主 + 陽80.21,5房2廳2衛,3樓/11樓,"6,055",0
台北市士林區延平北路六段,36.6年,公寓,建坪 38.55,主 + 陽35.32,3房2廳2衛,4樓/5樓,"1,680",0
台北市士林區仰德大道三段,47.4年,公寓,建坪 57.35,主建物30.75,3房2廳2衛,1樓/4樓,"2,288",2
台北市士林區天母西路,29.9年,大樓,建坪 75.15,主 + 陽41.04,2房2廳2衛1室,6樓/11樓,"6,886",1
台北市士林區德行東路,44.8年,公寓,建坪 45.18,主 + 陽39.62,3房2廳2衛1室,5樓/5樓,"2,936",0
台北市士林區芝玉路一段,34.8年,店面/辦公/大樓,建坪 116.34,主建物56.25,2廳1衛3室,1樓/15樓,"6,980",2
台北市士林區天玉街,38.6年,公寓,建坪 44.37,主 + 陽40.87,4房2廳2衛,3樓/4樓,"2,880",0
台北市士林區忠誠路一段,42.7年,華廈,建坪 41.74,主建物30.34,4房4廳3衛1室(含加蓋1房2廳1衛1室),7樓/7樓,"5,188",0
台北市士林區菁山路,16.8年,華廈,建坪 74.23,主 + 陽43.72,4房2廳2衛,2樓/5樓,"4,080",1
台北市士林區承德路四段,23.6年,大樓,建坪 91.2,主 + 陽54.9,5房2廳2衛(含加蓋1房),3樓/14樓,"7,488",1
台北市士林區中山北路六段,42.4年,公寓,建坪 39.05,主 + 陽37.42,3房2廳2衛,3樓/5樓,"2,788",0
台北市士林區基河路,16.0年,大樓,建坪 89.44,主 + 陽49.67,3房2廳4衛,2樓/15樓,"8,688",1
台北市士林區忠義街,34.8年,大樓,建坪 69.64,主 + 陽42.49,4房2廳2衛,4樓/15樓,"4,980",1
台北市士林區延平北路五段,預售,大樓,建坪 29.18,主+附 18.97,3房2廳2衛,5樓/15樓,"2,755",1
台北市士林區光華路,49.9年,公寓,建坪 52.6,主 + 陽52.61,18房10衛1室(含加蓋10房2衛),4樓/4樓,"1,630",0
台北市士林區至誠路二段,43.7年,公寓,建坪 32.58,主 + 陽29.19,7房2廳7衛1室(含加蓋2房1廳2衛),5樓/5樓,"2,238",0
台北市士林區翠山街,50.2年,公寓,建坪 31.38,主建物31.38,4房2廳3衛(含加蓋1衛),1樓/4樓,"1,978",0
台北市士林區延平北路五段,預售,大樓,建坪 23.77,主+附 15.45,2房2廳2衛,11樓/15樓,"2,155",0
台北市士林區延平北路五段,預售,大樓,建坪 24.58,主+附 15.98,2房2廳2衛,4樓/15樓,"2,105",0
台北市士林區菁山路,15.9年,華廈,建坪 42.37,主 + 陽16.81,1房2廳1衛,4樓/5樓,"2,688",1
台北市士林區格致路,30.7年,華廈/套房,建坪 21.49,主建物8.26,1房1廳1衛,5樓/5樓,888,1
台北市士林區天母東路,1.8年,大樓,建坪 44.25,主 + 陽26.23,3房2廳2衛,4樓/12樓,"4,288",1
台北市士林區中山北路七段,36.6年,華廈,建坪 54.57,主 + 陽37.71,3房2廳3衛1室,4樓/7樓,"3,988",0
台北市士林區福志路,11.0年,大樓,建坪 176.92,主 + 陽81.26,1廳3衛,11樓/17樓,"21,880",4
台北市士林區天母西路,48.1年,辦公/大樓,建坪 18.55,主建物16.04,2房2廳1衛,10樓/11樓,"1,800",0
台北市士林區仰德大道四段,15.8年,華廈,建坪 137.73,主 + 陽69.47,3房2廳2.5衛,4樓/5樓,"9,998",3
台北市士林區重慶北路四段,49.0年,公寓,建坪 31.69,主 + 陽31.69,3房3廳2衛(含加蓋1廳1衛),4樓/4樓,"1,628",0
台北市士林區中山北路五段,1.9年,大樓,建坪 89.2,主 + 陽47.73,3房2廳3衛,5樓/17樓,"7,888",1
台北市士林區福華路,25.9年,大樓,建坪 84.16,主 + 陽37.33,3房2廳2衛,4樓/12樓,"5,980",2
台北市士林區中山北路六段,3.9年,大樓,建坪 26.09,主 + 陽15.98,2房1廳2衛,8樓/14樓,"3,680",0
台北市士林區基河路,30.6年,大樓,建坪 53.2,主 + 陽30.13,3房2廳2衛2室,2樓/12樓,"3,980",1
台北市士林區芝玉路一段,14.6年,大樓,建坪 75.43,主 + 陽40.77,3房2廳2衛,7樓/14樓,"8,860",1
台北市士林區至誠路一段,7.7年,大樓,建坪 96.21,主 + 陽49.93,1廳,4樓/14樓,"8,501",1
台北市士林區劍潭路,41.9年,店面,建坪 72.15,主建物46.1,2廳1衛,1樓/7樓,"6,800",0
台北市士林區忠誠路一段,26.5年,大樓,建坪 88.55,主 + 陽43.02,3房2廳3衛,12樓/14樓,"8,800",2
台北市士林區忠誠路二段,5.1年,大樓,建坪 119.49,主 + 陽57.54,5房2廳2衛1室,4樓/12樓,"13,058",2
台北市士林區天母北路,41.9年,華廈,建坪 57.14,主 + 陽39.62,3房2廳2衛,3樓/7樓,"4,380",1
台北市士林區芝玉路一段,17.3年,大樓,建坪 81.79,主 + 陽42.27,2房2廳2衛2室,15樓/18樓,"6,850",2
台北市士林區通河東街一段,46.2年,公寓,建坪 37.83,主 + 陽36.88,3房2廳2衛,3樓/5樓,"2,395",0
台北市士林區故宮路,50.7年,店面/公寓,建坪 36.32,主建物20.91,2廳1衛1室(含加蓋1廳),1樓/4樓,"2,488",0
台北市士林區中山北路七段,42.3年,公寓,建坪 40.35,主 + 陽37.68,3房2廳2衛,3樓/5樓,"2,688",0
台北市士林區天母東路,41.1年,公寓,建坪 34.64,主 + 陽33.26,3房2廳2衛,2樓/5樓,"2,320",0
台北市士林區忠誠路二段,47.7年,公寓,建坪 27.67,主 + 陽27.68,2房2廳2衛,4樓/5樓,"2,668",0
台北市士林區中山北路七段,51.3年,店面,建坪 37.01,主建物31.35,2衛7室(含加蓋4室),1樓/4樓,"2,460",0
台北市士林區天母北路,44.9年,華廈,建坪 58.8,主 + 陽44.17,5房4廳3衛(含加蓋2房2廳1衛),7樓/7樓,"3,988",1
台北市士林區天玉街,18.4年,華廈,建坪 115.58,主 + 陽46.07,5房2廳3衛1室(含加蓋1房1室),1樓/5樓,"13,800",2
台北市士林區中山北路六段,33.4年,華廈,建坪 14.55,主 + 陽10.1,1房1廳1衛,4樓/5樓,"1,200",0
台北市士林區天母東路,48.0年,華廈,建坪 40.54,主建物25.25,3房2廳2衛,6樓/8樓,"2,645",1
台北市士林區中山北路七段,46.3年,華廈,建坪 42.73,主 + 陽36.26,4房3廳3衛1室(含加蓋1房1廳1衛1室),7樓/7樓,"2,980",0
台北市士林區美崙街,56.3年,公寓/辦公,建坪 22.91,主建物22.91,3房2廳1衛(含加蓋1房),2樓/3樓,"2,180",0
台北市士林區天母西路,44.1年,華廈/辦公,建坪 50.75,主 + 陽40.64,3房2廳2衛2室(含加蓋1室),2樓/7樓,"3,680",0
台北市士林區忠誠路二段,45.0年,公寓,建坪 27.89,主 + 陽24.33,3房2廳2衛,5樓/5樓,"2,098",0
台北市士林區克強路,41.5年,公寓,建坪 80.26,主 + 陽77.19,5房3廳3衛1室,2樓/5樓,"4,500",0
台北市士林區中山北路七段,34.8年,華廈,建坪 65.63,主 + 陽45.21,4房2廳2衛,4樓/7樓,"3,980",1
台北市士林區中山北路六段,42.4年,公寓,建坪 39.05,主 + 陽37.42,3房2廳2衛,4樓/5樓,"2,538",0
台北市士林區重慶北路四段,8.9年,大樓/辦公,建坪 31.81,主 + 陽15.69,2房2廳1衛(含加蓋1房),12樓/14樓,"2,888",1
台北市士林區後街,43.9年,公寓,建坪 33.5,主 + 陽29.36,3房3衛,3樓/5樓,"1,780",0
台北市士林區中山北路七段,46.9年,華廈,建坪 45.93,主 + 陽40.43,4房2廳2衛1室(含加蓋1室),6樓/7樓,"2,988",0
台北市士林區忠誠路二段,41.1年,公寓,建坪 31.23,主 + 陽28.71,3房2廳2衛,4樓/5樓,"2,300",0
台北市士林區忠誠路二段,47.7年,公寓,建坪 39.1,主 + 陽39.09,4房2廳2衛,5樓/5樓,"2,980",0
台北市士林區菁山路,15.9年,華廈,建坪 41.75,主 + 陽16.49,1房1廳1衛,3樓/5樓,"2,368",1
台北市士林區社子街,55.8年,公寓,建坪 21.18,主建物21.18,1廳1衛,1樓/4樓,"1,398",0
台北市士林區至誠路一段,7.7年,大樓,建坪 153.32,主 + 陽71.58,1廳,10樓/14樓,"13,380",3
台北市士林區中山北路六段,31.1年,華廈,建坪 66.12,主建物27.39,3房2廳2衛,1樓/7樓,"3,888",3
台北市士林區後街,30.2年,華廈,建坪 22.36,主 + 陽14.21,1房2廳1衛,2樓/7樓,"1,998",0
台北市士林區中山北路七段,47.8年,公寓,建坪 54.84,主 + 陽54.84,4房2廳2衛1室,5樓/5樓,"3,980",0
台北市士林區中山北路五段,1.9年,大樓,建坪 78.69,主 + 陽40.24,3房2廳2衛,5樓/17樓,"6,818",1
台北市士林區德行東路,38.4年,華廈,建坪 58,主 + 陽52.34,3房2廳2衛2室,2樓/5樓,"4,380",0
台北市士林區菁山路,16.8年,華廈,建坪 74.09,主 + 陽43.72,3房2廳2衛,3樓/5樓,"3,896",1
台北市士林區中山北路七段,1.2年,大樓,建坪 60.92,主 + 陽33.09,2房2廳2衛,5樓/12樓,"5,800",1
台北市士林區中山北路五段,1.5年,大樓,建坪 66.9,主 + 陽34.39,3廳2衛,2樓/18樓,"6,180",1
台北市士林區雙溪街,41.9年,華廈,建坪 119.37,主 + 陽98.13,6房2廳5衛1室(含加蓋1衛),7樓/7樓,"7,280",1
台北市士林區天玉街,23.5年,大樓,建坪 151.44,主 + 陽78.85,1廳,7樓/19樓,"14,500",2
台北市士林區基河路,10.3年,大樓,建坪 132.17,主 + 陽65.88,1廳,16樓/21樓,"13,500",3
台北市士林區美崙街,44.8年,店面/辦公,建坪 41.46,主建物31.47,1廳0.5衛(含加蓋0.5衛),1樓/7樓,"3,980",0
台北市士林區菁山路,9.5年,華廈,建坪 136.17,主 + 陽59.69,2房2廳4衛3室,5樓/6樓,"8,118",3
台北市士林區菁山路,16.8年,華廈,建坪 75.46,主 + 陽44.14,2房2廳2衛,2樓/5樓,"3,800",1
台北市士林區天母東路,24.1年,華廈,建坪 69.72,主 + 陽36.44,4房2廳2衛(含加蓋1房),4樓/7樓,"5,980",1
台北市士林區大東路,53.2年,公寓,建坪 38.37,主建物38.37,3房2廳1.5衛1室,4樓/4樓,"2,980",0
台北市士林區天母東路,48.0年,華廈,建坪 22.05,主 + 陽19.55,2房1廳1衛,5樓/8樓,"1,980",0
台北市士林區中山北路五段,1.5年,大樓,建坪 63.85,主 + 陽32.82,4房2廳2衛,17樓/18樓,"7,350",1
台北市士林區華聲街,46.7年,公寓,建坪 16.44,主 + 陽16.16,2房2廳1衛,5樓/5樓,"1,498",0
台北市士林區中山北路六段,41.5年,華廈,建坪 77.59,主 + 陽62.75,4房3廳4衛(含加蓋1廳1衛),7樓/7樓,"5,780",1
台北市士林區菁山路,15.9年,華廈,建坪 40.87,主 + 陽16.38,2廳1衛,1樓/5樓,"2,460",1
台北市士林區中山北路七段,46.6年,公寓,建坪 34.25,主 + 陽31.22,4房2衛,3樓/5樓,"1,980",0
台北市士林區天母北路,40.3年,華廈/辦公,建坪 49.87,主 + 陽47.06,4房2廳3衛,5樓/7樓,"3,980",0
台北市士林區中山北路七段,46.3年,華廈,建坪 15.89,主 + 陽13.18,2房2廳1衛,6樓/7樓,"1,788",0
台北市士林區格致路,41.2年,公寓,建坪 34.56,主 + 陽32.98,8房1廳4衛1室(含加蓋3房2衛1室),5樓/5樓,"1,650",0
台北市士林區菁山路,16.8年,華廈,建坪 88.07,主 + 陽44.9,2房2廳2衛1室,4樓/5樓,"7,380",2
台北市士林區天母西路,46.1年,華廈,建坪 26.23,主 + 陽22.63,3房2廳2衛,2樓/7樓,"2,280",0
台北市士林區大西路,34.8年,公寓/辦公,建坪 14.38,主 + 陽12.31,1房2廳1衛(含加蓋1房1廳),4樓/5樓,"1,400",0
台北市士林區菁山路,5.0年,華廈,建坪 25.51,主 + 陽15.8,1房1廳1衛,3樓/4樓,"1,946",1
台北市士林區芝玉路二段,39.8年,公寓,建坪 49,主 + 陽32.57,3房2廳2衛,3樓/5樓,"2,888",1
台北市士林區菁山路,5.0年,華廈,建坪 30.84,主 + 陽18.01,1房1廳1衛,2樓/4樓,"2,326",1
台北市士林區天母東路,1.3年,華廈,建坪 15.57,主建物8.04,1房2廳1衛,1樓/5樓,"3,000",1
台北市士林區天母東路,1.3年,華廈,建坪 28.34,主 + 陽16.47,2房2廳2衛,4樓/5樓,"3,898",0
台北市士林區中山北路七段,40.2年,華廈/辦公,建坪 86.7,主建物37.93,2房2廳2衛1室,B1-1樓/7樓,"4,998",0
台北市士林區菁山路,15.9年,華廈,建坪 40.87,主 + 陽16.38,1房1廳1衛,2樓/5樓,"2,280",1
台北市士林區承德路四段,53.5年,公寓,建坪 32.87,主 + 陽32.87,4房4廳3衛(含加蓋1房2廳1衛),4樓/4樓,"1,999",0
台北市士林區芝玉路二段,48.0年,公寓,建坪 25.06,主 + 陽25.05,3房2廳1衛(含加蓋1房),2樓/4樓,"2,080",0
台北市士林區菁山路,5.0年,華廈,建坪 35.31,主 + 陽21.82,2房1廳2衛,2樓/4樓,"2,554",1
台北市士林區德行東路,43.9年,公寓,建坪 26.9,主建物24.81,2房2廳2衛1室,1樓/5樓,"3,550",0
台北市士林區大西路,53.0年,公寓,建坪 24.46,主建物24.46,2房2廳1衛,3樓/4樓,"1,680",0
台北市士林區文昌路,52.3年,公寓,建坪 30.98,主建物24.93,6房2廳4衛(含加蓋2房2衛),1樓/4樓,"2,788",0
台北市士林區中山北路七段,38.6年,公寓,建坪 47.7,主 + 陽43.5,2房2廳2衛2室,2樓/5樓,"2,680",0
台北市士林區中山北路六段,41.9年,公寓,建坪 35.61,主 + 陽35.61,2房2廳6衛,4樓/5樓,"2,680",0
台北市士林區天母東路,1.3年,華廈,建坪 28.33,主 + 陽16.46,2房2廳2衛,2樓/5樓,"3,898",0
台北市士林區中山北路六段,15.0年,華廈,建坪 63.9,主 + 陽35.16,4房2廳2衛2室,4樓/7樓,"6,688",1
台北市士林區菁山路,5.0年,華廈,建坪 35.31,主 + 陽20.92,2房1廳2衛,4樓/4樓,"2,826",1
台北市士林區忠誠路一段,42.2年,華廈,建坪 70.31,主 + 陽53.21,4房2廳2衛,6樓/7樓,"5,900",1
台北市士林區中山北路六段,47.2年,公寓,建坪 35.55,主 + 陽35.55,3房2廳2衛1室(含加蓋1室),5樓/5樓,"2,698",0
台北市士林區社中街,45.1年,公寓/辦公,建坪 29.16,主 + 陽29.16,3房2廳1衛,5樓/5樓,"1,450",0
台北市士林區大東路,54.7年,公寓,建坪 47.73,主建物36.85,5房2廳2衛2室(含加蓋1室),B1-1樓/4樓,"4,380",0
台北市士林區雨聲街,43.7年,公寓,建坪 36.77,主 + 陽33.38,3房1廳2衛,4樓/5樓,"1,968",0
台北市士林區中山北路七段,33.3年,大樓,建坪 175.15,主 + 陽96.69,6房3廳6衛1室(含加蓋1房1衛),15-17樓/17樓,"11,000",3
台北市士林區中社路一段,50.6年,公寓,建坪 31.13,主建物31.13,3房2廳1.5衛,4樓/4樓,"1,980",0
台北市士林區華齡街,46.0年,公寓,建坪 29.68,主 + 陽26.36,4房4衛,5樓/5樓,"1,750",0
台北市士林區前街,68.4年,別墅/透天,建坪 7.56,主建物7.56,1房1廳1衛(含加蓋1廳),1樓/1樓,"2,400",0
台北市士林區菁山路,5.0年,華廈,建坪 25.51,主 + 陽15.8,1房1廳1衛,2樓/4樓,"1,902",1
台北市士林區天母西路,48.1年,店面,建坪 21.95,主建物13.35,1廳1室,1樓/11樓,"4,938",0
台北市士林區中山北路六段,17.4年,辦公/大樓,建坪 43.47,主 + 陽19.15,2房2廳1衛,3樓/15樓,"3,850",1
台北市士林區士商路,26.0年,大樓,建坪 88.02,主 + 陽42.83,3房3廳3衛2室(含加蓋1衛),13樓/13樓,"6,800",2
台北市士林區雨聲街,43.7年,公寓,建坪 36.4,主 + 陽33.01,1房2廳1衛1室,4樓/5樓,"1,968",0
台北市士林區基河路,17.3年,大樓,建坪 102.79,主 + 陽50.93,4房2廳3衛,13樓/18樓,"9,450",1
台北市士林區菁山路,16.8年,華廈,建坪 86.42,主 + 陽43.72,2房3廳2衛,3樓/5樓,"4,380",2
台北市士林區社中街,44.2年,公寓,建坪 32.89,主 + 陽29.57,3房2廳1衛,4樓/5樓,"1,695",0
台北市士林區大北路,54.1年,公寓,建坪 31.1,主建物31.1,3房2廳1衛,3樓/4樓,"1,850",0
台北市士林區永平街,53.4年,店面/公寓,建坪 40.96,主建物33.35,1房1廳2衛2室(含加蓋0.5衛1室),1樓/4樓,"4,100",0
台北市士林區格致路,12.9年,華廈,建坪 185.04,主 + 陽96.93,2廳2室,1樓/4樓,"10,800",3
台北市士林區福港街,46.5年,公寓,建坪 32.82,主 + 陽32.83,3房2廳2衛,3樓/5樓,"2,368",0
台北市士林區天母北路,5.7年,大樓,建坪 130.72,主 + 陽59.16,4房4廳4衛,11樓/24樓,"12,688",3
台北市士林區中山北路七段,14.7年,大樓,建坪 214.12,主 + 陽91.19,1廳,2樓/22樓,"18,318",5
台北市士林區至誠路二段,43.7年,公寓,建坪 34.81,主 + 陽31.39,3房2廳2衛,3樓/5樓,"2,680",0
台北市士林區德行東路,45.7年,公寓,建坪 37.58,主 + 陽37.58,3房2廳2衛,4樓/5樓,"2,480",0
台北市士林區後港街,59.1年,公寓,建坪 13.65,主建物13.65,1房1廳1衛,1樓/2樓,"1,600",0
台北市士林區中社路一段,50.6年,公寓,建坪 31.38,主建物31.38,4房2廳1.5衛,2樓/4樓,"1,488",0
台北市士林區忠誠路一段,33.5年,店面/辦公,建坪 49.8,主建物37.45,1廳1衛,1樓/10樓,"8,388",0
台北市士林區芝玉路二段,48.1年,公寓,建坪 30.34,主 + 陽30.34,3房2廳1.5衛,2樓/5樓,"2,300",0
台北市士林區天母東路,48.1年,華廈,建坪 32.88,主 + 陽27.96,3房2廳2衛,5樓/10樓,"2,800",0
台北市士林區中山北路六段,42.4年,華廈,建坪 29.96,主 + 陽24.93,2房2廳1.5衛,4樓/7樓,"2,688",0
台北市士林區德行東路,7.7年,其它,建坪 24.93,主建物24.93,1廳,1-1樓/1樓,"8,900",0
台北市士林區中山北路七段,47.7年,華廈,建坪 44.27,主建物24.64,3房2廳2衛,1樓/7樓,"3,288",1
台北市士林區新安路,29.7年,透天,建坪 92.81,主 + 陽86.84,10房3廳3衛1室(含加蓋4房1廳1衛1室),1-2樓/2樓,"12,500",0
台北市士林區光華路,49.9年,公寓,建坪 50.1,主 + 陽50.1,8房1廳2衛,3樓/4樓,"1,988",0
台北市士林區中山北路七段,41.4年,華廈,建坪 56.59,主 + 陽45.5,4房2廳2衛,2樓/7樓,"3,088",0
台北市士林區華齡街,46.0年,公寓,建坪 30.53,主 + 陽30.53,3房2廳2衛,3樓/5樓,"2,280",0
台北市士林區中正路,44.7年,公寓,建坪 43.46,主建物27.76,3房2廳2衛1室,B1-1樓/5樓,"3,680",0
台北市士林區菁山路,15.9年,華廈,建坪 41.31,主 + 陽16.38,1房1廳1衛,1樓/5樓,"2,460",1
台北市士林區中庸一路,31.4年,大樓,建坪 86.09,主 + 陽49.65,3房2廳2衛1室,13樓/14樓,"4,350",2
台北市士林區通河街,44.2年,華廈,建坪 38.29,主 + 陽33.47,2房2廳1衛1室(含加蓋1室),2樓/7樓,"2,680",0
台北市士林區克強路,48.1年,公寓,建坪 38.38,主 + 陽38.38,3房3廳2衛,3樓/5樓,"2,988",0
台北市士林區士東路,17.0年,華廈,建坪 22.97,主 + 陽12.54,2房2廳1衛(含加蓋1房),4樓/7樓,"2,580",0
台北市士林區雨聲街,43.7年,公寓,建坪 73.18,主 + 陽66.41,4房2廳3衛1室,4樓/5樓,"3,938",0
台北市士林區基河路,16.0年,大樓,建坪 143.23,主 + 陽77.43,4房3廳5衛,14-15樓/15樓,"14,799",2
台北市士林區社中街,42.7年,公寓,建坪 30.29,主 + 陽27.49,3房3廳1衛1室(含加蓋1房1廳),5樓/5樓,"1,790",0
台北市士林區通河街,44.2年,華廈/辦公,建坪 57.27,主 + 陽50.13,4房2廳2衛,2樓/7樓,"4,000",0
台北市士林區中山北路六段,43.6年,公寓,建坪 31.47,主 + 陽30.8,3房2廳2衛,3樓/5樓,"2,800",0
台北市士林區士東路,57.9年,透天,建坪 62.25,主建物62.25,5房3廳3衛1室(含加蓋2房),1-2樓/2樓,"11,800",1
台北市士林區中山北路七段,41.4年,公寓,建坪 25.79,主建物19.74,2房2廳1衛,1樓/5樓,"3,700",0
台北市士林區忠誠路一段,42.2年,華廈,建坪 57.19,主 + 陽41.23,3房2廳2衛,5樓/7樓,"4,698",1
台北市士林區後港街,37.6年,辦公,建坪 80.65,主 + 陽53.09,1房1廳1衛1室,4樓/5樓,"3,680",0
台北市士林區中山北路六段,41.9年,公寓,建坪 35.61,主 + 陽35.61,4廳2室(含加蓋2廳1室),5樓/5樓,"3,280",0
台北市士林區劍潭路,41.9年,店面,建坪 33.63,主建物21.35,1廳1衛,1樓/7樓,"3,888",0
台北市士林區明溪街,50.2年,公寓,建坪 31.38,主建物31.38,4房2廳1衛,3樓/4樓,"1,180",0
台北市士林區中山北路七段,44.2年,華廈,建坪 40.97,主 + 陽36,3房2廳2衛,3樓/7樓,"2,780",0
台北市士林區中社路二段,50.0年,公寓,建坪 21.07,主建物21.07,3房2廳2衛(含加蓋1衛),1樓/4樓,"1,200",0
台北市士林區至誠路一段,57.2年,別墅/透天,建坪 45.06,主建物45.06,3房3廳3衛2室(含加蓋1廳),1-2樓/2樓,"10,800",0
台北市士林區士東路,31.6年,華廈,建坪 10.25,主 + 陽6.81,2房1廳1衛,2樓/6樓,"1,198",0
台北市士林區士東路,45.9年,公寓,建坪 25.73,主建物25.73,3房2廳2衛,-1樓/5樓,888,0
台北市士林區中山北路五段,1.9年,大樓,建坪 74.56,主 + 陽38.79,3房2廳2衛,11樓/17樓,"6,688",1
台北市士林區中山北路七段,14.7年,大樓,建坪 226.79,主 + 陽91.19,4房3廳5衛5室,12樓/22樓,"19,800",6
台北市士林區忠誠路一段,57.5年,透天,建坪 51.12,主建物51.12,6房3廳4衛2室(含加蓋3房1衛),1-2樓/2樓,"26,000",0
台北市士林區中山北路七段,41.3年,華廈,建坪 92.49,主 + 陽77.08,4房3廳3衛1室,3樓/7樓,"5,500",1
台北市士林區建業路,51.7年,別墅/透天,建坪 60.74,主建物60.74,4房3廳4衛(含加蓋1廳),1-2樓/2樓,"6,600",0
台北市士林區大南路,54.5年,店面,建坪 49.43,主建物42.82,5房4廳5衛2室(含加蓋3房1廳5衛2室),1-2樓/2樓,"10,500",0
台北市士林區天母北路,40.6年,華廈/辦公,建坪 45.76,主 + 陽38.97,4房2廳2衛,2樓/7樓,"2,950",0
台北市士林區中山北路七段,47.5年,公寓,建坪 25.41,主建物23.07,4房2廳1衛(含加蓋1房),1樓/5樓,"1,880",0
台北市士林區仰德大道三段,54.6年,別墅/透天,建坪 76.21,主建物76.21,4房3廳4衛2室,1-1樓/1樓,"18,000",0
台北市士林區中山北路六段,21.8年,華廈,建坪 60,主 + 陽43.18,6房2廳3衛3室(含加蓋2房1室),1樓/7樓,"6,688",1
台北市士林區仰德大道一段,9.1年,別墅/透天,建坪 135.27,主 + 陽102.02,5房2廳6衛,B1-2樓/2樓,"16,800",1
台北市士林區天母東路,30.9年,店面/辦公,建坪 103.38,主建物85.99,1廳1衛,-1樓/5樓,"6,500",0
台北市士林區福林路,54.2年,透天,建坪 37.13,主建物37.13,6房2廳3衛(含加蓋2房1衛),1-2樓/2樓,"5,288",0
台北市士林區中庸二路,17.8年,透天,建坪 189.47,主 + 陽116.11,5房4廳5衛5室(含加蓋1衛2室),B1-4樓/4樓,"11,000",3
台北市士林區中山北路六段,42.4年,華廈/辦公,建坪 71.66,主建物30.5,5房2廳2衛,B1-1樓/6樓,"5,600",1
台北市士林區德行東路,40.8年,公寓,建坪 37.32,主 + 陽35.99,3房2廳2衛1室,5樓/5樓,"2,880",0
台北市士林區莊頂路,49.1年,別墅/透天,建坪 142.84,主建物96.19,6房3廳5衛,1-2樓/2樓,"12,980",1
台北市士林區劍潭路,41.9年,華廈,建坪 38.52,主建物24.75,1廳,1樓/7樓,"3,050",0
台北市士林區重慶北路四段,57.0年,公寓,建坪 52.51,主建物52.51,4房5廳2衛(含加蓋1廳),3-4樓/4樓,"2,950",0
台北市士林區承德路四段,41.8年,公寓,建坪 42.27,主 + 陽37.12,4房2廳2衛,4樓/5樓,"2,800",0
台北市士林區中庸二路,17.8年,透天,建坪 222.37,主 + 陽131.11,5房4廳5衛3室(含加蓋1衛1室),B1-4樓/4樓,"13,888",3
台北市士林區永公路,50.9年,別墅/透天,建坪 90.81,主 + 陽79.8,5房3廳3衛1室(含加蓋1房),1-2樓/2樓,"7,980",0
台北市士林區天母西路,44.4年,店面,建坪 125.4,主建物105.46,2廳2衛(含加蓋1廳),-1樓/7樓,"4,888",0
台北市士林區中庸二路,17.8年,別墅/透天,建坪 239.72,主 + 陽150.26,4房4廳7衛4室(含加蓋2衛2室),B1-4樓/4樓,"14,888",2
台北市士林區中山北路七段,45.7年,別墅/透天,建坪 122.26,主 + 陽83.54,6房4廳5衛,B1-2樓/2樓,"19,800",0
台北市士林區德行東路,42.8年,公寓,建坪 36.88,主 + 陽36.12,3房2廳2衛,5樓/5樓,"2,300",0
台北市士林區福壽街,10.3年,華廈,建坪 21.95,主 + 陽10.27,2房2廳1衛(含加蓋1房),6樓/7樓,"2,280",1
台北市士林區中山北路七段,48.5年,華廈,建坪 36.31,主 + 陽32.49,4房3廳3衛1室(含加蓋1房1廳1衛1室),7樓/7樓,"2,988",0
台北市士林區通河街,13.3年,華廈,建坪 41.16,主 + 陽17.57,2房2廳1衛1室(含加蓋1房1室),3樓/8樓,"3,380",1
台北市士林區中山北路七段,42.9年,華廈,建坪 40.16,主 + 陽31.8,3房2廳2衛,2樓/7樓,"2,088",0
台北市士林區德行東路,37.8年,公寓,建坪 52.11,主 + 陽30.43,4房2廳2衛3室(含加蓋1房1室),4-5樓/5樓,"3,580",1
台北市士林區福壽街,10.3年,華廈,建坪 21.95,主 + 陽10.27,2房2廳1.5衛(含加蓋1房0.5衛),6樓/7樓,"2,200",1
台北市士林區至誠路一段,7.7年,大樓,建坪 108.86,主 + 陽49.93,3房2廳3衛,4樓/14樓,"10,424",2
台北市士林區中社路一段,50.6年,公寓,建坪 62.77,主建物62.77,7房5廳3衛3室(含加蓋1房1廳1衛1室),4樓/4樓,"2,480",0
台北市士林區至善路二段,54.6年,別墅/透天,建坪 68.36,主建物68.36,8房6廳4衛1室(含加蓋1房2廳1衛1室),1-2樓/2樓,"7,980",1
台北市士林區中山北路六段,41.5年,華廈,建坪 55.78,主建物33.07,4房2廳2衛3室(含加蓋1衛1室),1樓/7樓,"6,888",0
台北市士林區至善路二段,39.5年,別墅/透天,建坪 153.27,主 + 陽119.51,5房2廳5衛5室(含加蓋1房2衛1室),B1-3樓/3樓,"19,800",1
台北市士林區中山北路七段,45.9年,店面,建坪 43.94,主建物36.38,2廳1衛1室,1樓/12樓,"5,980",0
台北市士林區雨聲街,58.9年,透天,建坪 23.44,主建物23.44,4房2廳2衛1室(含加蓋1房2衛1室),1-2樓/2樓,"5,988",0
台北市士林區至誠路一段,48.6年,透天,建坪 65.84,主 + 陽63.97,6房3廳3衛,1-2樓/2樓,"7,850",1
台北市士林區大東路,62.7年,店面/透天,建坪 67.67,主建物63.37,9房12廳13衛1室(含加蓋5房5廳3衛),1-2樓/2樓,"22,800",0
台北市士林區永公路,57.2年,別墅/透天,建坪 71.24,主建物71.24,6房3廳3衛1室(含加蓋1房1廳),1-2樓/2樓,"7,988",0
台北市士林區至善路二段,29.7年,大樓,建坪 244.29,主 + 陽133.42,8房3廳5衛4室,2樓/16樓,"14,600",4
台北市士林區承德路四段,47.1年,公寓/辦公,建坪 38.49,主 + 陽38.49,3房2廳2衛1室(含加蓋1室),5樓/5樓,"2,168",0
台北市士林區德行西路,47.2年,公寓,建坪 33.59,主 + 陽33.59,4房2廳3衛(含加蓋1房1衛),5樓/5樓,"2,100",0
台北市士林區士東路,53.4年,透天,建坪 47.48,主建物42.04,5房3廳3衛(含加蓋1衛),1-2樓/2樓,"6,200",0
台北市士林區中庸一路,49.9年,透天,建坪 160.33,主 + 陽142.58,6房3廳4衛4室,1-2樓/2樓,"20,258",0
台北市士林區忠誠路一段,39.9年,華廈,建坪 47.92,主 + 陽33.68,5房3廳4衛(含加蓋4房1廳4衛),6樓/6樓,"5,200",0
台北市士林區中山北路七段,41.4年,華廈,建坪 56.57,主 + 陽45.18,4房2廳2衛,4-5樓/7樓,"3,400",0
台北市士林區至誠路一段,26.8年,華廈,建坪 52.57,主 + 陽30.62,4房2廳2衛,7-8樓/8樓,"4,760",2
台北市士林區中庸一路,49.9年,透天,建坪 160.33,主 + 陽142.58,6房3廳4衛3室,1-2樓/2樓,"20,108",0
台北市士林區菁山路,16.8年,華廈,建坪 117.94,主 + 陽66.68,5房3廳3衛1室,4-5樓/5樓,"8,200",2
台北市士林區天母東路,49.6年,店面,建坪 30.05,主建物26.05,2房2廳3衛,1樓/7樓,"4,460",0
台北市士林區中山北路五段,42.2年,公寓/辦公,建坪 88.92,主建物41.47,4房3廳3.5衛3室,B1-1樓/5樓,"5,500",0
台北市士林區莊頂路,49.1年,別墅/透天,建坪 139.79,主建物89.81,5房3廳6衛,1-2樓/2樓,"13,600",1
台北市士林區永公路,50.8年,別墅/透天,建坪 120.81,主 + 陽115.99,5房3廳4衛3室(含加蓋1房1室),1-2樓/2樓,"12,680",1
台北市士林區至善路二段,29.7年,大樓,建坪 122.15,主 + 陽66.7,4房1廳3衛2室,2樓/16樓,"7,580",2
台北市士林區天母東路,42.3年,公寓,建坪 30.36,主 + 陽30.35,2房2廳2衛,5樓/5樓,"2,400",0
台北市士林區至善路二段,29.7年,大樓,建坪 122.15,主 + 陽66.7,4房2廳2衛2室,2樓/16樓,"7,580",2
台北市士林區華榮街,67.6年,店面/透天,建坪 36.91,主建物33.58,4房3廳6衛(含加蓋4房1廳5衛),1-2樓/2樓,"10,880",0
台北市士林區後港街,28.6年,大樓,建坪 87.38,主 + 陽59.33,4房2廳2衛3室,9樓/12樓,"6,600",1
台北市士林區格致路,29.6年,華廈,建坪 12.17,主 + 陽7.73,2房2廳1衛(含加蓋2房),7樓/10樓,578,0
台北市士林區倫等街,51.0年,公寓,建坪 27.15,主 + 陽27.14,3房2廳1衛,2樓/3樓,"1,600",0
台北市士林區倫等街,51.0年,公寓,建坪 27.15,主建物24.47,1房3廳1衛,1樓/3樓,"2,200",0
台北市士林區德行東路,43.7年,公寓,建坪 34.93,主 + 陽34.93,4房3廳2衛1室(含加蓋1房1廳1衛),5樓/5樓,"2,680",0
台北市士林區仰德大道三段,50.6年,透天,建坪 82.54,主 + 陽71.47,5房3廳3衛1室,B1-2樓/2樓,"22,518",1
台北市士林區文林路,31.4年,公寓/辦公,建坪 58.95,主建物22.66,4房3廳4衛1室,B1-1樓/5樓,"3,880",0
台北市士林區重慶北路四段,29.2年,華廈,建坪 61.44,主 + 陽38.27,5房3廳2衛(含加蓋2房),9-10樓/10樓,"4,528",1
台北市士林區中山北路七段,45.3年,華廈,建坪 51.92,主 + 陽45.75,5房2廳2衛2室(含加蓋1房1室),7樓/7樓,"3,680",0
台北市士林區倫等街,51.0年,公寓,建坪 54.29,主 + 陽51.61,4房5廳2衛,1-2樓/3樓,"3,750",0
台北市士林區社中街,60.8年,公寓/辦公,建坪 20.83,主建物20.83,4房2廳2衛(含加蓋3房),2樓/2樓,"3,500",0
台北市士林區中庸五路,57.7年,透天,建坪 55.73,主建物39.24,5房3廳4.5衛4室(含加蓋2房2衛2室),B1-1樓/1樓,"12,800",1
台北市士林區中山北路六段,25.3年,大樓,建坪 82.44,主 + 陽49.74,3房2廳2衛,1樓/12樓,"7,960",2
台北市士林區文林路,64.7年,店面/透天,建坪 57.62,主建物52.7,3廳2衛1室(含加蓋1室),1-3樓/3樓,"18,800",0
台北市士林區力行街,60.6年,透天/套房,建坪 22.68,主建物22.68,8房8衛(含加蓋5房6衛),1-2樓/2樓,"2,998",0
台北市士林區華齡街,46.0年,店面/公寓,建坪 29.09,主建物27.09,2廳2衛(含加蓋1廳),1樓/5樓,"3,280",0
台北市士林區至誠路一段,17.4年,華廈,建坪 82.59,主 + 陽31.21,4房3廳5衛5室(含加蓋2房1廳2衛4室),1樓/6樓,"6,800",2
台北市士林區士東路,49.3年,公寓,建坪 43.71,主 + 陽43.71,4房2廳2衛,3樓/4樓,"3,500",0
台北市士林區中山北路七段,46.8年,公寓,建坪 38.5,主建物32.35,1房2廳1衛2室(含加蓋1房2室),1樓/5樓,"4,500",0
台北市士林區東山路,52.3年,別墅/透天,建坪 64.13,主建物64.13,6房2廳2衛,1-2樓/2樓,"14,800",0
台北市士林區仰德大道二段,46.3年,別墅/透天,建坪 60.94,主 + 陽52.65,4房4廳5衛4室(含加蓋2房2廳2衛1室),1-2樓/2樓,"9,888",1
台北市士林區至誠路二段,43.7年,公寓,建坪 58.32,主建物26.02,1廳1衛,B1-1樓/5樓,"7,288",0
台北市士林區莊頂路,55.3年,別墅/透天,建坪 94.05,主建物94.05,4房4廳5衛4室(含加蓋1室),1-2樓/2樓,"10,800",1
台北市士林區士東路,8.2年,別墅/透天,建坪 215.11,主 + 陽163.04,7房2廳4衛,B1-3樓/3樓,"22,000",0
台北市士林區東山路,54.4年,透天,建坪 79.64,主建物79.64,5房2廳4衛1室,1-2樓/2樓,"13,000",0
台北市士林區忠誠路一段,11.8年,華廈,建坪 124.75,主 + 陽54.89,3廳,9-10樓/10樓,"10,888",2
台北市士林區天母東路,30.4年,華廈,建坪 19.54,主 + 陽13.69,1房1廳1衛1室(含加蓋1室),3樓/5樓,"1,890",0
台北市士林區中山北路七段,33.3年,大樓,建坪 189.91,主 + 陽95.4,7房4廳4衛2室(含加蓋3房),13-15樓/19樓,"11,000",4
台北市士林區新安路,9.2年,別墅/透天,建坪 172.62,主 + 陽117.36,3房2廳4衛3室,B1-2樓/2樓,"9,800",1
台北市士林區格致路,30.7年,華廈,建坪 57.1,主 + 陽20.21,3房2廳2衛(含加蓋1房1衛),5樓/5樓,"1,980",1
台北市士林區中庸五路,10.9年,別墅/透天,建坪 145.25,主 + 陽109.81,3廳4衛,B1-2樓/2樓,"16,800",1
台北市士林區德行西路,5.9年,華廈,建坪 24.34,主 + 陽10.58,2房2廳1衛(含加蓋1房),7樓/8樓,"3,188",1
台北市士林區菁山路,30.8年,別墅/透天,建坪 128.54,主 + 陽51.01,5房2廳4衛2室,B2-3樓/3樓,"4,680",1
台北市士林區士東路,22.4年,華廈,建坪 55.57,主 + 陽29.89,3房2廳2衛,8樓/10樓,"4,680",1
台北市士林區永平街,預售,大樓,建坪 37.9,主+附 16.48,2房2廳2衛,14樓/14樓,"2,488",1
台北市士林區社正路,19.9年,華廈,建坪 39.48,主 + 陽28.2,3房2廳1衛1室,9樓/9樓,"3,080",0
台北市士林區中山北路六段,3.9年,大樓,建坪 45.23,主 + 陽19.77,2房2廳1衛,5樓/14樓,"4,588",1
台北市士林區德行西路,17.9年,大樓/辦公,建坪 12.32,主 + 陽7.73,1房1廳1衛(含加蓋1房),10樓/13樓,"1,505",0
台北市士林區忠誠路二段,15.2年,大樓,建坪 138.93,主 + 陽54.34,3房2廳3衛2室,6樓/11樓,"12,666",4
台北市士林區中山北路七段,57.1年,透天,建坪 74.82,主建物74.82,4房4廳4衛3室(含加蓋1房1廳1衛1室),1-2樓/2樓,"7,980",0
台北市士林區中山北路七段,19.6年,大樓,建坪 73.23,主 + 陽40.53,3房2廳2衛2室,2樓/12樓,"6,988",3
台北市士林區仰德大道三段,47.4年,公寓,建坪 38.19,主 + 陽35.95,3房3廳3衛(含加蓋2房1廳2衛),3樓/4樓,"2,600",0
台北市士林區天母北路,5.7年,大樓,建坪 54.96,主 + 陽28.22,1房2廳2衛,11樓/24樓,"5,968",1
台北市士林區中山北路六段,2.4年,大樓,建坪 88.37,主 + 陽40.01,3房2廳2.5衛1室,11樓/14樓,"8,588",3
台北市士林區德行西路,5.9年,華廈,建坪 27.54,主 + 陽12.29,2房1廳1衛(含加蓋1房),6樓/8樓,"3,188",1
台北市士林區後港街,1.8年,大樓,建坪 84.68,主 + 陽37.54,3房2廳2衛1室,6樓/22樓,"7,680",2
台北市士林區德行東路,35.1年,透天/辦公,建坪 43.17,主 + 陽36.71,13房2廳5衛(含加蓋10房2廳4衛),1-2樓/2樓,"5,880",0
台北市士林區天母北路,36.7年,華廈,建坪 55.42,主建物33.63,3房3廳2衛1室,B1-1樓/5樓,"3,580",0
台北市士林區中山北路七段,24.3年,別墅/透天,建坪 133,主 + 陽81.56,8房3廳5衛5室(含加蓋1房1廳1室),B1-4樓/4樓,"12,980",1
台北市士林區芝玉路二段,50.0年,透天,建坪 50.95,主 + 陽49.36,3房3廳3衛(含加蓋1廳),1-2樓/2樓,"7,500",0
台北市士林區格致路,29.6年,華廈,建坪 26.86,主 + 陽10.74,1房1廳1衛(含加蓋1房),4樓/10樓,"1,088",1
台北市士林區中山北路七段,45.3年,華廈,建坪 43.28,主 + 陽37.62,4房3廳3衛(含加蓋1房1廳1衛),7樓/7樓,"3,188",0
台北市士林區前港街,41.2年,公寓/辦公,建坪 66.98,主建物27.98,6房4廳3衛(含加蓋3房2廳1衛),1樓/5樓,"3,895",0
台北市士林區中庸五路,56.5年,透天,建坪 63.82,主建物51.67,6房5廳4衛(含加蓋1房2廳),B1-2樓/2樓,"8,600",1
台北市士林區忠誠路二段,39.2年,大樓,建坪 71.76,主 + 陽46.44,3房2廳2衛,11樓/14樓,"5,780",1
台北市士林區中山北路六段,27.4年,華廈,建坪 38.8,主 + 陽19.12,3房2廳2衛1室(含加蓋1廳),6樓/6樓,"3,288",1
台北市士林區大東路,54.3年,店面,建坪 99.27,主建物95.87,3廳3衛4室(含加蓋3室),1-3樓/3樓,"22,000",0
台北市士林區士東路,17.4年,店面,建坪 14.64,主建物3.38,1衛1室,1樓/7樓,"1,000",2
台北市士林區忠誠路二段,18.6年,大樓,建坪 139.69,主 + 陽84.14,4房2廳5衛,2樓/22樓,"19,800",2
台北市士林區德行東路,20.0年,大樓,建坪 121.6,主 + 陽59.7,3房3廳2衛2室,2樓/12樓,"7,980",3
台北市士林區雙溪街,36.9年,華廈,建坪 68.45,主 + 陽42.91,3房2廳2衛1室,3樓/6樓,"4,880",1
台北市士林區小東街,49.1年,公寓,建坪 32.35,主 + 陽32.35,3房2廳2衛(含加蓋1房),2樓/5樓,"2,368",0
台北市士林區中正路,預售,大樓/辦公,建坪 46.5,主+附 26.71,3房2廳2衛,6樓/11樓,"5,588",1
台北市士林區中山北路六段,13.3年,店面/辦公,建坪 38.49,主 + 陽20.92,1廳1衛,1樓/8樓,"5,880",1
台北市士林區中庸五路,57.7年,別墅/透天,建坪 55.73,主建物39.24,4房2廳4衛1室(含加蓋2房3衛1室),B1-1樓/1樓,"8,500",0
台北市士林區中山北路七段,46.3年,華廈,建坪 37.92,主 + 陽32.03,2房2廳2衛1室,7樓/7樓,"2,500",0
台北市士林區仰德大道三段,53.5年,別墅/透天,建坪 106.09,主建物106.09,6房3廳5衛1室(含加蓋1衛1室),1-2樓/2樓,"22,800",1
台北市士林區明溪街,50.0年,透天,建坪 32.19,主建物32.19,3房2廳2衛,1-2樓/2樓,"1,880",0
台北市士林區莊頂路,49.1年,別墅/透天,建坪 142.19,主建物96.19,7房4廳3衛3室(含加蓋2房1衛2室),1-2樓/2樓,"16,800",0
台北市士林區葫蘆街,46.2年,公寓,建坪 24.15,主 + 陽24.14,4房3廳2衛(含加蓋1房2廳1衛),5樓/5樓,"1,258",0
台北市士林區中庸五路,56.5年,別墅/透天,建坪 57.42,主建物52.18,4房2廳3衛2室(含加蓋1衛1室),1-2樓/2樓,"4,980",1
台北市士林區延平北路五段,63.8年,透天/店面,建坪 75.39,主 + 陽69.27,4房7廳5衛(含加蓋1房1廳2衛),1-3樓/3樓,"8,288",0
台北市士林區仰德大道三段,47.4年,公寓,建坪 46.95,主 + 陽44.71,4房2廳2衛1室,2樓/4樓,"1,750",0
台北市士林區中山北路七段,41.3年,公寓,建坪 31.51,主 + 陽28.76,3房2廳2衛,4樓/5樓,"1,780",0
台北市士林區大東路,54.0年,公寓/店面,建坪 22.55,主建物22.55,4房4衛,1樓/4樓,"2,380",0
台北市士林區大東路,49.2年,店面,建坪 28.01,主建物26.51,2廳,1樓/5樓,"11,988",0
台北市士林區天玉街,23.5年,大樓,建坪 113.84,主 + 陽55.09,4房2廳2衛,5樓/19樓,"12,000",2
台北市士林區新安路,51.5年,別墅/透天,建坪 162.5,主建物162.5,11房6廳7衛1室(含加蓋1房1廳1衛),1-2樓/2樓,"45,000",1
台北市士林區至善路二段,29.7年,大樓,建坪 107.6,主 + 陽66.7,2房2廳3衛2室,2樓/16樓,"6,990",1
台北市士林區雨聲街,28.2年,透天/店面,建坪 69.55,主 + 陽44.51,3房3廳3衛2室(含加蓋2室),1-3樓/3樓,"6,880",1
台北市士林區前港街,44.7年,公寓,建坪 55.82,主建物36.1,4房3廳5.5衛1室(含加蓋1.5衛),B1-1樓/5樓,"4,288",0
台北市士林區中山北路五段,22.6年,大樓,建坪 84.22,主 + 陽47.71,4房2廳2衛2室(含加蓋1室),8樓/12樓,"8,800",1
台北市士林區承德路四段,40.1年,店面/華廈,建坪 90.08,主建物28.03,7房3廳5衛,B1-1樓/7樓,"3,960",0
台北市士林區大東路,49.2年,店面,建坪 24.85,主建物23.35,2房1廳1衛,1樓/5樓,"13,000",0
台北市士林區承德路四段,13.3年,大樓,建坪 66.75,主 + 陽32.92,3房2廳2衛,14樓/14樓,"6,888",1
台北市士林區新安路,53.6年,透天,建坪 38.91,主 + 陽38.91,12房2廳4衛1室(含加蓋8房4衛1室),1樓/1樓,"4,866",0
台北市士林區仰德大道一段,9.5年,別墅/透天,建坪 128.69,主 + 陽96.61,5房2廳6衛,B1-2樓/2樓,"16,800",1
台北市士林區天玉街,預售,大樓,建坪 75.32,主+附 39.98,4房2廳2衛,6樓/15樓,"6,980",1
台北市士林區士東路,24.1年,透天,建坪 96.17,主 + 陽74.66,5房3廳3.5衛2室(含加蓋2室),B1-5樓/5樓,"7,780",1
台北市士林區天母北路,13.8年,華廈,建坪 66.54,主 + 陽36.76,3房2廳2衛,5樓/7樓,"6,880",1
台北市士林區中庸五路,57.7年,別墅/透天,建坪 67.19,主建物47.83,2廳,B1-1樓/1樓,"9,980",1
台北市士林區中山北路七段,62.5年,店面/透天,建坪 32.76,主建物27.94,4房4廳3衛(含加蓋4房2廳3衛),1-2樓/2樓,"4,288",0
台北市士林區文林路,36.8年,店面/辦公,建坪 39.54,主建物27.25,1廳1衛,1樓/10樓,"6,988",0
台北市士林區菁山路,16.8年,別墅/透天,建坪 247.62,主 + 陽140.73,6房5廳6衛,1-4樓/4樓,"15,700",2
台北市士林區大東路,57.8年,店面/透天,建坪 36.43,主建物34.19,5房4廳2衛(含加蓋2房),1-3樓/3樓,"6,600",0
台北市士林區中山北路七段,48.5年,華廈,建坪 40.13,主建物29.21,3房2廳2衛2室,1樓/7樓,"3,490",0
台北市士林區中山北路五段,53.2年,公寓,建坪 20.63,主建物20.63,1廳1衛2室(含加蓋2室),1樓/3樓,"4,800",0
台北市士林區德行東路,17.2年,華廈,建坪 11.11,主 + 陽7.55,1房1廳1衛1室(含加蓋1房1室),5樓/7樓,"1,860",0
台北市士林區小東街,109.5年,店面,建坪 29.65,主建物29.65,5房1廳4衛(含加蓋2房2衛),1-2樓/2樓,"8,860",0
台北市士林區延平北路六段,9.6年,店面,建坪 35.54,主建物17.32,1廳1衛1室,1樓/12樓,"3,560",1
台北市士林區基河路,2.0年,大樓,建坪 77.85,主 + 陽38.61,3房2廳3衛,17樓/19樓,"9,280",2
台北市士林區天母北路,5.7年,大樓,建坪 75.76,主 + 陽30.95,3房2廳2衛,11樓/24樓,"6,978",2
台北市士林區天玉街,28.9年,大樓,建坪 32.29,主 + 陽18.97,3房2廳2衛1室(含加蓋1房),10-11樓/11樓,"2,988",1
台北市士林區承德路四段,預售,大樓,建坪 35.49,主+附 18.06,3房2廳1衛,23樓/24樓,"4,328",1
台北市士林區天母東路,39.6年,華廈,建坪 91.09,主建物53.14,4房5廳4衛4室(含加蓋2房2廳1衛1室),1樓/7樓,"7,700",0
台北市士林區天母東路,40.9年,華廈,建坪 74.93,主 + 陽64.69,4房3廳3.5衛2室(含加蓋1房1廳1衛1室),7樓/7樓,"7,500",1
台北市士林區天玉街,28.9年,大樓,建坪 32.65,主 + 陽19.57,3房2廳2衛(含加蓋1房),10-11樓/11樓,"2,988",1
台北市士林區中山北路七段,37.9年,公寓,建坪 53.95,主 + 陽34.89,3房2廳2衛,5樓/5樓,"2,588",1
台北市士林區中山北路七段,48.5年,華廈,建坪 46.27,主 + 陽41.34,3房2廳2衛,2樓/7樓,"4,118",0
台北市士林區承德路四段,25.8年,店面,建坪 74.97,主 + 陽36.31,1廳1衛1室,1樓/11樓,"12,800",3
台北市士林區後港街,16.1年,其它,建坪 90.68,主 + 陽51.32,4房2廳3衛,2樓/14樓,"6,600",2
台北市士林區德行西路,5.9年,華廈,建坪 24.34,主 + 陽10.58,2房1廳1衛(含加蓋1房),3樓/8樓,"2,960",1
台北市士林區大亨路,37.3年,別墅/透天,建坪 179.09,主 + 陽124.58,8房5廳3衛6室,B1-4樓/4樓,"18,000",1
台北市士林區中山北路七段,38.0年,華廈,建坪 66.67,主 + 陽54.06,4房2廳2衛,2樓/7樓,"4,950",1
台北市士林區天母東路,48.0年,店面,建坪 23.05,主建物18.56,1廳1衛1室,1樓/8樓,"2,298",0
台北市士林區福港街,40.6年,公寓,建坪 35.3,主 + 陽28.68,6房2廳4衛(含加蓋1房1廳1衛),5樓/5樓,"2,088",0
台北市士林區中山北路七段,60.3年,店面,建坪 20.87,主建物20.87,3房2廳1.5衛,1-2樓/2樓,"2,300",0
台北市士林區基河路,24.4年,店面/辦公/大樓,建坪 73.33,主建物40.96,1廳1衛,1樓/16樓,"5,280",1
台北市士林區中正路,39.2年,店面/辦公/大樓,建坪 22.36,主建物18.91,1廳1衛,1樓/16樓,"3,180",0
台北市士林區天母西路,48.1年,大樓,建坪 34.98,主 + 陽29.96,3房2廳2衛,4樓/11樓,"2,666",0
台北市士林區建業路,54.1年,透天,建坪 40.34,主建物40.34,3房3廳2衛,1-2樓/2樓,"2,850",0
台北市士林區大南路,51.3年,公寓,建坪 25.2,主建物25.2,5房4衛(含加蓋2房),4樓/4樓,"1,780",0
台北市士林區重慶北路四段,56.8年,公寓,建坪 20.44,主建物20.44,6房1廳5衛(含加蓋2房1廳1衛),3樓/3樓,"1,480",0
台北市士林區大南路,--,店面/透天,建坪 36.91,主建物32.34,3廳1衛(含加蓋1廳),1-2樓/2樓,"11,500",0
台北市士林區中庸五路,56.5年,別墅/透天,建坪 54.3,主建物49.05,5房3廳3衛2室(含加蓋1房1衛),1-2樓/2樓,"6,300",1
台北市士林區中山北路七段,36.6年,華廈,建坪 29.66,主 + 陽19.73,1房2廳1.5衛1室,6樓/7樓,"2,290",0
台北市士林區大東路,47.7年,透天,建坪 102.64,主 + 陽80.95,18房2廳19衛(含加蓋4房4衛),B1-4樓/4樓,"22,500",0
台北市士林區菁山路,9.5年,華廈,建坪 134.91,主 + 陽59.69,3房2廳4衛1室,3樓/6樓,"8,000",3
台北市士林區中山北路六段,47.7年,公寓,建坪 28.42,主建物24.42,4房2廳2衛,1樓/5樓,"3,180",0
台北市士林區中山北路六段,42.7年,公寓,建坪 44.23,主 + 陽43.44,4房2廳2衛,3樓/5樓,"3,100",0
台北市士林區士東路,45.9年,公寓/店面,建坪 25.73,主建物25.73,3房2廳1衛,-1樓/5樓,850,0
台北市士林區承德路四段,27.3年,辦公/大樓,建坪 51.32,主 + 陽26.26,3房2廳2衛1室,11樓/11樓,"3,900",2
台北市士林區中正路,27.6年,店面,建坪 30.32,主 + 陽15.66,1廳1衛,1樓/9樓,"1,608",1
台北市士林區天母東路,48.0年,店面,建坪 21.05,主建物14.36,1廳1衛,1樓/8樓,"2,980",0
台北市士林區文林路,預售,大樓,建坪 21.76,主+附 13.64,2房2廳1衛,9樓/12樓,"3,508",1
台北市士林區承德路四段,13.3年,大樓,建坪 66.96,主 + 陽33.01,3房2廳2衛,9樓/14樓,"6,180",1
台北市士林區中正路,預售,大樓/辦公,建坪 46.49,主+附 26.71,3房2廳2衛,3樓/11樓,"5,200",1
台北市士林區天母北路,23.9年,透天/店面,建坪 478.75,主 + 陽245.73,18房14廳14衛5室(含加蓋1廳1衛),B2-7樓/7樓,"40,608",21
台北市士林區菁山路,16.8年,華廈,建坪 66.23,主 + 陽36.78,3房2廳2衛,5樓/5樓,"3,280",1
台北市士林區中正路,預售,大樓/辦公,建坪 46.5,主+附 26.71,3房2廳2衛,5樓/11樓,"5,500",1
台北市士林區文林路,53.9年,店面/公寓,建坪 34.46,主建物28.93,2房3廳1衛(含加蓋2廳),1樓/3樓,"6,988",0
台北市士林區忠誠路二段,47.7年,公寓,建坪 34.46,主 + 陽34.46,5房4廳3衛2室(含加蓋2房2廳1衛1室),5樓/5樓,"2,480",0
台北市士林區永公路,55.7年,別墅/透天,建坪 15.58,主建物15.58,10房2廳4衛2室(含加蓋7房2廳2.5衛2室),1樓/1樓,"8,880",0
台北市士林區建業路,8.9年,透天/套房,建坪 766.25,主 + 陽380.39,92房2廳93衛1室(含加蓋3房1廳3衛),1-4樓/4樓,"58,000",12
台北市士林區延平北路五段,45.6年,透天,建坪 27.68,主 + 陽26.15,6房3廳2衛(含加蓋3房1廳0.5衛),1-2樓/2樓,"2,580",0
台北市士林區天母東路,46.0年,店面,建坪 43.96,主建物38.09,1廳2衛,1樓/7樓,"5,988",0
台北市士林區天母北路,46.9年,公寓,建坪 30.34,主 + 陽30.35,3房2廳1衛1室,4樓/5樓,"2,275",0
台北市士林區天母東路,47.3年,店面/辦公,建坪 65.33,主建物13.65,3房2廳1衛2室(含加蓋3房1廳1衛1室),1樓/5樓,"12,800",0
台北市士林區基河路,29.5年,店面,建坪 15.63,主 + 陽13.89,1廳1衛,1樓/11樓,"6,600",0
台北市士林區中山北路六段,48.2年,公寓,建坪 67.11,主 + 陽62.57,2房4廳3衛2室(含加蓋1衛),1-2樓/5樓,"6,600",0
台北市士林區社中街,預售,大樓,建坪 42.37,主+附 19.4,3房2廳2衛,14樓/14樓,"2,988",1
台北市士林區美德街,42.2年,公寓,建坪 64.16,主 + 陽58.6,4房2廳2衛2室,3樓/4樓,"6,450",0
台北市士林區天母東路,48.0年,店面/辦公,建坪 29.83,主建物24.68,1廳1衛,1樓/8樓,"2,850",0
台北市士林區中山北路七段,38.4年,華廈,建坪 63.07,主建物40.64,4房2廳2衛,1樓/7樓,"5,380",1
台北市士林區光華路,47.7年,華廈,建坪 40.2,主 + 陽34.62,9房3衛,5樓/7樓,"2,180",0
台北市士林區中山北路六段,40.7年,華廈,建坪 62.53,主 + 陽50.39,4房2廳2衛,2樓/7樓,"3,998",1
台北市士林區福華路,52.2年,公寓,建坪 21.44,主建物21.44,3房2廳1衛1室,2樓/4樓,"2,380",0
台北市士林區中山北路七段,49.9年,透天,建坪 155.98,主 + 陽133.02,8房4廳7衛(含加蓋1房1廳3衛),B2-2樓/2樓,"18,000",1
台北市士林區中山北路五段,10.8年,辦公/大樓,建坪 285.68,主 + 陽105.44,1廳2衛11室(含加蓋3室),9樓/12樓,"26,582",8
台北市士林區承德路四段,預售,大樓,建坪 34.84,主+附 18.06,2房2廳1衛,5樓/24樓,"3,644",1
台北市士林區中山北路七段,48.5年,店面,建坪 53.91,主建物42.14,1廳1衛,1樓/7樓,"7,800",0
台北市士林區士東路,7.8年,店面,建坪 51.67,主 + 陽36.72,1廳1衛1室,1樓/14樓,"12,888",0
台北市士林區美德街,60.8年,店面,建坪 77.12,主建物74.92,11房10廳6衛(含加蓋2房3廳1衛),1-3樓/3樓,"18,000",0
台北市士林區承德路四段,37.9年,店面/辦公/大樓,建坪 45.54,主建物16.25,2廳1衛1室(含加蓋1廳1衛),1樓/12樓,"3,288",0
台北市士林區至誠路二段,43.7年,公寓,建坪 33.75,主 + 陽30.35,3房2廳2衛1室,5樓/5樓,"2,238",0
台北市士林區大北路,54.2年,公寓,建坪 22.09,主 + 陽19.97,3房1廳1衛(含加蓋1廳),4樓/4樓,"1,660",0
台北市士林區格致路,55.4年,透天,建坪 25.14,主建物25.14,10房10衛(含加蓋4房4衛),1-2樓/2樓,"3,980",0
台北市士林區大亨路,59.7年,別墅/透天,建坪 48.78,主建物43.02,3房2廳3衛1室,1-2樓/2樓,"12,450",0
台北市士林區延平北路六段,11.5年,辦公/大樓,建坪 167.85,主 + 陽102.05,1廳,4樓/14樓,"8,057",0
台北市士林區後港街,49.0年,店面/辦公,建坪 32.95,主建物26.16,1房1廳1衛1室,1樓/7樓,"4,300",0
台北市士林區至誠路一段,50.1年,透天,建坪 46.71,主 + 陽41.84,4房4廳3衛2室(含加蓋1房1廳1衛1室),1-2樓/2樓,"5,988",0
台北市士林區大南路,預售,店面/辦公/大樓,建坪 35.84,主+附 15.53,1廳1衛,1樓/21樓,"11,309",1
台北市士林區福國路,46.9年,辦公,建坪 25.79,主建物21.48,4房1廳2衛1室,1樓/4樓,"3,498",0
台北市士林區永公路,52.3年,透天,建坪 95.56,主建物95.56,2廳,1-2樓/2樓,"19,800",0
台北市士林區中正路,45.6年,公寓/套房,建坪 35.12,主 + 陽35.12,4房2廳2衛,4樓/5樓,"2,160",0
台北市士林區社子街,57.3年,公寓,建坪 21.2,主建物21.2,2廳1衛,1樓/3樓,"2,000",0
台北市士林區通河西街二段,56.9年,店面/公寓,建坪 14.95,主建物14.95,2房2衛,1樓/3樓,"1,788",0
台北市士林區天母東路,48.0年,店面/辦公,建坪 19.59,主建物13.31,2房1廳1衛1室,1樓/8樓,"2,398",0
台北市士林區中山北路七段,62.5年,透天,建坪 48.34,主建物48.34,4房2廳2衛1室,1-1樓/1樓,"9,800",1
台北市士林區華齡街,55.7年,公寓,建坪 32.67,主建物32.67,3房2廳1衛1室,3樓/4樓,"2,280",0
台北市士林區承德路四段,預售,大樓,建坪 23.79,主+附 15.51,1房1廳1衛,9樓/24樓,"2,980",0
台北市士林區華榮街,66.2年,店面/透天,建坪 47.49,主建物43.56,7房6廳3.5衛(含加蓋4房3廳),1-2樓/2樓,"13,500",0
台北市士林區華岡路,47.1年,店面/公寓,建坪 23.25,主建物21.8,1廳1室,1樓/4樓,"2,063",0
台北市士林區福港街,46.5年,公寓,建坪 25.19,主建物21.83,2房3廳1衛(含加蓋1廳),1樓/5樓,"2,488",0
台北市士林區至善路二段,49.4年,公寓,建坪 42.02,主 + 陽42.03,5房1廳4衛2室(含加蓋1室),2樓/4樓,"2,880",0
台北市士林區士東路,31.6年,華廈,建坪 9.8,主建物6.65,1房1廳1衛,2樓/6樓,930,0
台北市士林區大北路,54.2年,公寓,建坪 14.08,主建物14.08,3房1廳1衛(含加蓋1房1廳),4樓/4樓,"1,055",0
台北市士林區莊頂路,49.1年,別墅/透天,建坪 150.45,主建物19.1,7房5廳8衛7室(含加蓋2房1廳4衛4室),B2-1樓/1樓,"15,000",1
台北市士林區天母西路,41.1年,店面,建坪 17.43,主建物12.8,1廳1衛,1樓/7樓,"2,850",0
台北市士林區芝玉路二段,42.2年,公寓,建坪 23.55,主建物23.43,4房4衛,-1樓/5樓,888,0
台北市士林區新安路,6.5年,別墅/透天/其它,建坪 177.12,主 + 陽140.94,1房3廳3衛3室(含加蓋1房1廳1衛1室),B1-3樓/3樓,"25,000",1
台北市士林區小北街,58.2年,透天,建坪 38.83,主建物37.54,12房12衛(含加蓋4房6衛),1-2樓/2樓,"3,688",0
台北市士林區福林路,58.6年,透天,建坪 25.49,主建物25.49,7房2廳7衛(含加蓋2房3衛),1-2樓/2樓,"1,880",0
台北市士林區菁山路,41.2年,公寓,建坪 21.37,主 + 陽21.36,6房1衛(含加蓋1房),2樓/3樓,"1,280",0
台北市士林區菁山路,41.2年,公寓,建坪 48.16,主建物18.76,9房2廳3衛(含加蓋6房1廳2衛),1樓/3樓,"2,780",0
台北市士林區菁山路,41.2年,透天,建坪 90.89,主 + 陽61.49,23房2廳6衛(含加蓋10房1廳3衛),1-3樓/3樓,"4,900",0
台北市士林區安平街,59.3年,透天/店面,建坪 29.31,主建物29.31,6房2廳5衛1室(含加蓋3房3衛),1-2樓/2樓,"9,200",0
台北市士林區前街,56.9年,透天,建坪 25.81,主建物25.81,9房9衛(含加蓋3房5衛),1-2樓/2樓,"4,666",0
台北市士林區大北路,54.2年,公寓,建坪 20.73,主建物20.73,3房2廳1衛(含加蓋1廳),3樓/4樓,"1,550",0
台北市士林區延平北路五段,63.4年,店面/辦公,建坪 71.47,主建物67.93,4房7廳3衛3室(含加蓋1廳3室),1-3樓/3樓,"5,700",0
台北市士林區文林路,59.0年,店面,建坪 115.66,主 + 陽115.66,3房4廳3衛1室(含加蓋3房1廳1衛),1-3樓/3樓,"28,800",0
台北市士林區菁山路,41.2年,公寓,建坪 21.37,主 + 陽21.36,8房2衛(含加蓋3房1衛),3樓/3樓,"1,388",0
台北市士林區格致路,62.1年,別墅/透天,建坪 94.97,主建物94.97,8房5廳5衛4室(含加蓋3房2廳2衛2室),1-2樓/2樓,"22,800",0
台北市士林區至善路二段,10.5年,華廈,建坪 37.84,主建物16.65,2房1廳1衛(含加蓋2房),1樓/5樓,"3,899",1
台北市士林區天母西路,41.0年,店面,建坪 99.18,主建物40.82,2廳4衛5室(含加蓋1廳3衛4室),1樓/7樓,"12,500",0
台北市士林區基河路,16.0年,大樓,建坪 101.36,主 + 陽50.08,4房2廳3衛1室,11樓/15樓,"9,600",2
台北市士林區大南路,50.2年,公寓/套房,建坪 37.76,主 + 陽37.76,10房1廳4衛(含加蓋3房1廳1衛),4樓/4樓,"2,200",0
台北市士林區至善路二段,10.5年,華廈,建坪 33.57,主 + 陽14.25,1房2廳1衛,4樓/5樓,"2,590",1
台北市士林區大南路,53.8年,店面,建坪 27.19,主建物21.51,1廳1衛1室(含加蓋1衛1室),1樓/3樓,"3,980",0
台北市士林區天母東路,41.6年,店面,建坪 79.47,主建物61.39,2廳2衛,1樓/5樓,"8,398",0
台北市士林區大南路,50.2年,公寓/套房,建坪 39.08,主 + 陽39.08,7房3衛,4樓/4樓,"2,000",0
台北市士林區文林路,61.0年,店面/透天,建坪 132.09,主建物126.23,12房4廳11衛13室(含加蓋4房1廳2衛2室),1-3樓/3樓,"26,750",0
台北市士林區格致路,56.5年,透天,建坪 43.85,主建物43.85,23房2廳6衛(含加蓋13房2廳4衛),1-2樓/2樓,"2,480",0
台北市士林區中山北路七段,46.3年,華廈,建坪 80.65,主 + 陽68.29,6房6廳5衛2室(含加蓋1房2廳1衛1室),7樓/7樓,"5,480",0
台北市士林區天母西路,46.2年,公寓,建坪 54.32,主 + 陽48.57,7房7衛,5樓/5樓,"3,530",0
台北市士林區大東路,56.9年,公寓,建坪 35.14,主建物35.14,4房2廳2衛,3樓/3樓,"2,450",0
台北市士林區基河路,29.5年,店面,建坪 39,主 + 陽13.36,1廳1衛,1樓/11樓,"5,800",2
台北市士林區中山北路六段,53.7年,公寓,建坪 27.53,主建物27.53,9房9衛(含加蓋4房4衛),4樓/4樓,"2,788",0
台北市士林區光華路,48.2年,公寓,建坪 36.25,主建物36.25,10房1衛,3樓/4樓,"1,550",0
台北市士林區前港街,45.8年,公寓,建坪 41.12,主 + 陽41.11,6房3廳3衛,3樓/5樓,"2,650",0
台北市士林區中正路,62.0年,透天,建坪 25.86,主建物25.86,5房1廳5衛(含加蓋1房1廳1衛),1-2樓/2樓,"3,780",0
台北市士林區光華路,48.2年,公寓,建坪 36.25,主建物36.25,10房1衛,2樓/4樓,"1,550",0
台北市士林區承德路五段,51.3年,店面/辦公,建坪 35.62,主 + 陽35.62,2房2廳2衛,1樓/4樓,"4,200",0
台北市士林區社中街,47.1年,店面/辦公,建坪 30.17,主建物29.05,1廳1衛,1樓/4樓,"4,350",0
台北市士林區中庸五路,7.9年,別墅/透天,建坪 144.07,主 + 陽109.1,5房3廳6衛,B1-2樓/2樓,"21,800",4
台北市士林區忠誠路二段,53.0年,透天,建坪 39.26,主建物39.26,4房2廳2衛,1-2樓/2樓,"8,688",0
台北市士林區天母東路,59.8年,店面,建坪 44.75,主建物44.75,2房3廳2衛2室(含加蓋1廳),1-2樓/2樓,"13,800",0
台北市士林區中山北路七段,28.5年,別墅/透天,建坪 109.37,主 + 陽61.98,6廳1衛(含加蓋1廳),1-4樓/4樓,"9,580",2
台北市士林區社中街,45.1年,公寓/辦公,建坪 29.16,主 + 陽29.16,3房2廳1衛,4樓/5樓,"1,450",0
台北市士林區通河東街二段,46.8年,華廈,建坪 68.79,主 + 陽63.78,8房1廳5衛,7樓/7樓,"5,998",0
台北市士林區天母東路,44.7年,公寓,建坪 37.86,主 + 陽34.62,3房3廳3衛1室(含加蓋1房1廳1衛),5樓/5樓,"2,238",0
台北市士林區芝玉路一段,40.3年,公寓,建坪 42.61,主 + 陽38.45,6房6衛,4樓/5樓,"2,998",0
台北市士林區天母西路,44.1年,華廈,建坪 85.06,主 + 陽45.22,3房4廳4衛6室(含加蓋1房1廳2衛1室),7樓/7樓,"5,280",1
台北市士林區中山北路五段,57.8年,透天,建坪 29.95,主建物29.95,4房2廳2衛,1-2樓/2樓,"7,380",0
台北市士林區承德路四段,56.7年,公寓,建坪 25.34,主 + 陽25.34,3房2廳2衛,3樓/4樓,"1,580",0
台北市士林區文林路,48.4年,店面,建坪 18.18,主建物11.96,1廳1衛,1樓/5樓,"6,280",0
台北市士林區中山北路五段,40.0年,大樓,建坪 67.22,主 + 陽61.91,4房2廳2衛,8樓/12樓,"5,680",0
台北市士林區菁山路,16.8年,華廈,建坪 86.42,主 + 陽43.72,3房2廳3衛1室,5樓/5樓,"4,180",2
台北市士林區通河街,52.8年,店面,建坪 30.12,主建物30.12,1房2廳1衛(含加蓋1衛),1樓/4樓,"5,300",0
台北市士林區天母北路,46.9年,公寓,建坪 31.93,主建物27.66,3房2廳2衛3室(含加蓋1房2室),1樓/5樓,"3,480",0
台北市士林區文林路,45.1年,大樓,建坪 20.72,主 + 陽17.96,2房2廳1衛,7樓/11樓,"1,620",0
台北市士林區天母東路,44.7年,店面,建坪 32.75,主建物28.97,2廳1衛6室(含加蓋3室),1樓/5樓,"4,800",0
台北市士林區延平北路五段,65.3年,透天,建坪 47.83,主建物43.75,1房4廳2衛2室(含加蓋2衛2室),1-2樓/2樓,"11,888",0
台北市士林區永公路,56.9年,別墅/透天,建坪 153.03,主建物102.31,6房3廳6衛1室(含加蓋1室),B1-2樓/2樓,"15,800",0
台北市士林區格致路,19.1年,透天,建坪 817.22,主 + 陽374.56,72房2廳74衛(含加蓋10房10衛),1-5樓/5樓,"41,880",16
台北市士林區天母東路,42.3年,店面,建坪 29.83,主建物26.34,1廳1衛3室(含加蓋1室),1樓/5樓,"4,850",0
台北市士林區通河街,42.8年,公寓,建坪 34.11,主 + 陽29.44,3房2廳2衛,5樓/6樓,"2,180",0
台北市士林區後港街,43.3年,其它,建坪 33.07,主 + 陽33.07,3房2廳2衛1室(含加蓋1廳1衛1室),5樓/5樓,"1,968",0
台北市士林區福華路,52.2年,店面/辦公,建坪 24.31,主建物18.91,2廳2衛,1樓/4樓,"10,600",0
台北市士林區天母東路,48.1年,店面/華廈,建坪 28.47,主建物18.68,2房2廳1衛,1樓/10樓,"3,680",0
台北市士林區陽明路一段,47.3年,公寓,建坪 58.66,主建物45.23,5房2廳3衛1室(含加蓋1房1室),1樓/5樓,"4,938",0
台北市士林區文林路,53.7年,店面,建坪 23.77,主建物19.56,1房2廳1衛,1樓/4樓,"3,288",0
台北市士林區承德路四段,55.5年,店面,建坪 10.32,主建物0,2房1廳1衛,-1樓/5樓,"2,988",0
台北市士林區前港街,44.5年,店面,建坪 42.39,主建物35.07,1廳1衛2室(含加蓋1室),1樓/5樓,"3,800",0
台北市士林區小東街,54.2年,店面/透天,建坪 45.16,主建物42.25,4房2廳6衛(含加蓋2房2衛),1-3樓/3樓,"7,800",0
台北市士林區文林路,58.3年,公寓,建坪 31.04,主建物24.03,5房5衛,1樓/2樓,"2,980",0
台北市士林區大北路,61.5年,店面,建坪 97.9,主建物85.04,8房1廳10衛(含加蓋3房4衛),1-3樓/3樓,"13,800",0
台北市士林區小東街,88.7年,店面,建坪 13.58,主建物13.58,1房1廳1衛(含加蓋1房),1-1樓/1樓,"5,680",0
台北市士林區平菁街,12.2年,透天,建坪 153.51,主建物153.51,8房5廳6衛,1-3樓/3樓,"19,800",0
台北市士林區忠義街,40.1年,公寓,建坪 57.33,主建物25.96,7房2廳3衛1室,B1-1樓/5樓,"3,888",0
台北市士林區天母西路,45.1年,公寓,建坪 44.13,主 + 陽44.13,3房2廳2衛1室,5樓/5樓,"2,580",0
台北市士林區天玉街,46.4年,店面/辦公,建坪 36.39,主建物31.98,1廳1衛3室(含加蓋3室),1樓/7樓,"6,288",0
台北市士林區光華路,50.5年,公寓,建坪 35.84,主 + 陽35.85,12房2衛,2樓/4樓,"1,198",0
台北市士林區美崙街,45.2年,店面,建坪 28.6,主建物26.06,1房2廳1衛1室(含加蓋1廳1室),1樓/5樓,"4,980",0
台北市士林區中山北路七段,63.0年,店面,建坪 39.27,主建物31.09,3房3廳2衛,1-3樓/3樓,"4,500",0
台北市士林區德行東路,35.1年,透天,建坪 42.37,主 + 陽35.95,6房2廳4衛(含加蓋2房1廳2衛),1-2樓/2樓,"4,980",0
台北市士林區文林路,48.4年,公寓,建坪 36.37,主 + 陽36.37,2廳2衛,2-3樓/5樓,"4,380",0
台北市士林區德行東路,46.6年,公寓,建坪 31.83,主建物28.1,4房2廳2衛(含加蓋1房),1樓/5樓,"3,680",0
台北市士林區文林路,49.1年,店面,建坪 23.79,主 + 陽23.8,1廳1衛,2樓/4樓,"3,880",0
